# weekly soil temperature (F) at 20 cm depth for snotel sites across Alaska calculated from average daily temperature,,,,,,,,,,,,,,,,
week_start,aniak,eagle_summit,galena,gobblers_knob,gulkana_river,imnaviat_creek,little_chena_ridge,mcgrath,monument_creek,mt_ryan,munson_ridge,nenana,teuchet_creek,tok,upper_chena,upper_nome_creek
4/1/15,30,27,,26.85714286,,27,31,,32,32,32,30,,23.28571429,,30
4/8/15,30.85714286,27,,27.28571429,,27,31,,32,32,32,30.28571429,,25.28571429,,30.14285714
4/15/15,31,27,,28.14285714,,27,31,,32,32,32,31,,26.85714286,,31
4/22/15,31,27.28571429,,30.71428571,,27,31,,32,32,32,31,,29.28571429,,31
4/29/15,31,28,,31,,27.28571429,31,,32,32,32,31,,30.71428571,,31
5/6/15,31,29.71428571,,31,,28.28571429,31,,32,32,32,31,,31.14285714,,31.71428571
5/13/15,31.85714286,31,,32,,29.57142857,31.71428571,,32,32,32,31.14285714,,34.71428571,,32
5/20/15,32,31.71428571,,33.85714286,,30.57142857,32,,32,32,32,33.57142857,,39.85714286,,32
5/27/15,32,32,,36.14285714,,31.57142857,34.57142857,,32,32,32,36.57142857,,43,,32
6/3/15,32,32.28571429,,36.57142857,,32,36.85714286,,32,32,32,37.28571429,,43,,33.28571429
6/10/15,32.14285714,34,,38.14285714,,34.57142857,39.28571429,,32.42857143,32,32,39.14285714,,44.85714286,,35.42857143
6/17/15,34.28571429,38,,42.14285714,,41,43.83333333,,34.16666667,32,32.16666667,42.14285714,,48,,38.57142857
6/24/15,36,39.57142857,,43.42857143,,43,46.5,,35.85714286,32,35,43.85714286,,49.57142857,,40.57142857
7/1/15,37.28571429,40.14285714,,43.57142857,,43.85714286,47.57142857,,38.42857143,32.85714286,37.42857143,44.85714286,,49.85714286,,42.42857143
7/8/15,38.71428571,41.14285714,,44,,44.57142857,48.71428571,,40.28571429,35,39.85714286,47.28571429,,51.28571429,,43.28571429
7/15/15,40,41.28571429,,44.83333333,,44,49,,41.42857143,36.85714286,40.57142857,48.8,,51.57142857,,44
7/22/15,40,41.71428571,,45.42857143,,43.66666667,49.42857143,,42.14285714,38.28571429,41.57142857,52.66666667,,51.42857143,,44.28571429
7/29/15,40,41.66666667,,45.66666667,,42.16666667,50,,43,40,42.6,53.33333333,,51.83333333,,44.66666667
8/5/15,40,41.66666667,,45.33333333,,41,50.71428571,,43.85714286,40.85714286,43.71428571,56,,51,,45
8/12/15,40.28571429,40,,44,,39.71428571,49.14285714,,44,41,43,53.66666667,,49.28571429,,44
8/19/15,41,39.85714286,,44.14285714,,38.85714286,48.71428571,,44.14285714,41,43,53,,48.14285714,,43.42857143
8/26/15,41.33333333,37.14285714,,42.14285714,,36.71428571,46.33333333,,43.66666667,41.14285714,39.33333333,49.25,,45.71428571,,41.42857143
9/2/15,40.66666667,35.83333333,,40,,33.33333333,44.85714286,,42.14285714,40,38,47,,43.33333333,,37.66666667
9/9/15,41.85714286,35.28571429,,39.28571429,,32.57142857,44.28571429,,41.33333333,39.71428571,38.5,46.71428571,,43,,37.57142857
9/16/15,40.85714286,33.42857143,,36.28571429,,32,42,,40,38.57142857,36.71428571,44.6,,41,,35.71428571
9/23/15,39,32.71428571,,34.42857143,,31.42857143,39,,38,37.28571429,35.42857143,40,,38.57142857,,34.28571429
9/30/15,39.33333333,32,,33.28571429,,31,37.71428571,,36.57142857,36,34.57142857,40,,36.5,,33
10/7/15,39.57142857,32,,32.83333333,,31,37,,35.71428571,35.57142857,34,,,34.14285714,,33
10/14/15,37.85714286,18.14285714,,32,,31,36,,34.85714286,35,34,,,33.28571429,,33
10/21/15,36.57142857,32,,32,,31,35.57142857,,34,34.71428571,34,,,33,,33
10/28/15,36,32,,32,,31,34.66666667,,33.57142857,34,33.14285714,33,,31.71428571,,33
11/4/15,34.16666667,32,,32,,31,34,,33,34,33,32,,30.57142857,,32
11/11/15,34,32,,32,,31,34,,33,33.14285714,33,,,28.14285714,,32
11/18/15,33.28571429,32,,31.57142857,,30.42857143,33.28571429,,32.57142857,33,33,32,,25,,32
11/25/15,33,32,,31,,30,33,,32,33,33,32,,25.57142857,,32
12/2/15,33,32,,30,,29.42857143,33,,32,33,33,,,25,,32
12/9/15,33,32,,27.14285714,,28.57142857,33,,32,33,32.57142857,31,,24.57142857,,32
12/16/15,32.28571429,32,,27,,28,33,,32,32.66666667,32,31,,22.71428571,,32
12/23/15,32,32,,25,,27.42857143,33,,32,32,32,,,21,,32
12/30/15,32,32,,27,,27.71428571,33,,32,32,32,31,,20.57142857,,32
1/6/16,32,32,,26.85714286,,27.71428571,32.28571429,,32,32,32,,,18.85714286,,32
1/13/16,32,31.28571429,,25.14285714,,27,32,,32,32,32,,,19.85714286,,32
1/20/16,32,30.57142857,,22.28571429,,26,32,,32,32,32,29,,21,,32
1/27/16,32,30,,24.85714286,,26,32,,32,32,32,29,,21,,32
2/3/16,32,30,,23.57142857,,25.85714286,32,,32,32,32,,,20.85714286,,32
2/10/16,32,30,,23.42857143,,25.57142857,32,,32,32,32,,,20,,31.28571429
2/17/16,31,29.57142857,,22.57142857,,26,32,,32,32,32,,,19.71428571,,31
2/24/16,31,29.71428571,,24.71428571,,26,32,,32,32,32,29,,19.85714286,,31
3/2/16,31,29.42857143,,23.28571429,,26,32,,32,32,32,28,,20.28571429,,31
3/9/16,31,29,,21.85714286,,25.14285714,32,,32,32,32,27,,21,,31
3/16/16,29,29,,21.57142857,,24,32,,32,32,32,27,,21,,31
3/23/16,30.28571429,29,,23.42857143,,24,32,,32,32,32,28.14285714,,22,,31
3/30/16,31,29.71428571,,24.57142857,,24,32,,32,32,32,30,,26,,31
4/6/16,31,30,,25.28571429,,24.28571429,32,,32,32,32,31,,28.42857143,,31
4/13/16,31,30,,26.42857143,,25,32,,32,32,32,31,,29.71428571,,31
4/20/16,31,30,,29.57142857,,25.57142857,32.42857143,,32.42857143,32.14285714,32.57142857,31,,31.14285714,,31.14285714
4/27/16,31,31.14285714,,31.42857143,,26.42857143,32,,32,32,32,31,,33.14285714,,32
5/4/16,31,32,,32,,27.85714286,32,,32,32,32,31,,35,,32
5/11/16,31,32,,32,,29.14285714,34.28571429,,32,32,32,31.85714286,,39.42857143,,32
5/18/16,31.28571429,32,,32.28571429,,30.14285714,36.85714286,,32,32,32,34.14285714,,40.28571429,,32
5/25/16,32,32,,33.85714286,,30.28571429,38.71428571,,32,32,32,36.85714286,,42,,32
6/1/16,32,32,,35.28571429,,31,40.85714286,,32,32,32,39,,44.28571429,,33.57142857
6/8/16,33.33333333,,,36.5,,31.2,42.33333333,,32,32,32.57142857,40.5,,45.71428571,,36.5
6/15/16,36,,,38.5,,35.5,44.85714286,,32,32,35,43.6,,47.71428571,,39.5
6/22/16,39.66666667,37.83333333,,40.33333333,,38.83333333,46.85714286,,32,32.14285714,37.42857143,46,,49.28571429,,41.66666667
6/29/16,43.28571429,40.14285714,,42.85714286,,42.57142857,48.85714286,,34.28571429,34.14285714,40.57142857,49.28571429,,51.14285714,,43.85714286
7/6/16,45.57142857,42.14285714,,44.42857143,,44.57142857,50.57142857,,38.14285714,36.83333333,45.71428571,52,,52.42857143,,46
7/13/16,47.28571429,43.85714286,,45.57142857,,46,52.57142857,,42.42857143,39.42857143,47,54.6,,53.42857143,,45.71428571
7/20/16,48.71428571,42,,44,,41.57142857,51,,45,42,42.28571429,54,,51.85714286,,44.28571429
7/27/16,49.57142857,42.28571429,,44.42857143,,41.85714286,51.14285714,,46,42.66666667,43.57142857,54.5,,52.42857143,,42.57142857
8/3/16,50.42857143,42.71428571,,43.85714286,,40.42857143,51.28571429,,47,44,44.57142857,55.33333333,,53,,42
8/10/16,52,44,,45.28571429,,42.14285714,51.28571429,,46.66666667,44,45,56,,52,,42.42857143
8/17/16,52,43.33333333,,45.57142857,,41.42857143,51.14285714,,46,44,45,55.2,,50.28571429,,43
8/24/16,52,42.85714286,,45.42857143,,41.57142857,50.85714286,,46,44.5,45,55,,49.85714286,,43.28571429
8/31/16,51.28571429,40.57142857,,44.14285714,,39.14285714,49,,44.42857143,43.42857143,43.42857143,,,47.57142857,,41.33333333
9/7/16,49.85714286,37.71428571,,41,,35.14285714,46.57142857,,42.57142857,42.28571429,42.14285714,48.75,,45.85714286,,39.14285714
9/14/16,48.33333333,36.5,,38.16666667,,33.33333333,45.42857143,,41.57142857,41.28571429,41,46.5,,44,,38.83333333
9/21/16,47.14285714,35.14285714,,37.57142857,,32.28571429,43.57142857,,40.71428571,40.57142857,39.85714286,45.42857143,,42.14285714,,37.85714286
9/28/16,45,33.28571429,,35.57142857,,32,40.71428571,,38.16666667,38.85714286,38,42.5,,38,,35.57142857
10/5/16,44,32.42857143,,34,,31.42857143,38,,36.14285714,37.42857143,36.42857143,,,34.14285714,,34
10/12/16,42.71428571,32,,33,,31,36.57142857,,34.33333333,35.71428571,35.16666667,,,30.85714286,,33
10/19/16,38.33333333,32,,32,,31,34.85714286,,33.28571429,34.14285714,34,,,29.5,,32.66666667
10/26/16,36.42857143,32,,32,,31,34,,33,33,33.42857143,33,,27.14285714,,32
11/2/16,35.57142857,31.71428571,,31.71428571,,31,33.28571429,,32,33,33,32.5,,27.14285714,,31.42857143
11/9/16,35,31,,31,,30.14285714,33,,32,33,33,,,25.57142857,,30.71428571
11/16/16,34,30.28571429,,30.57142857,,29.71428571,33,,32,33,33,32,,25.25,,29.14285714
11/23/16,33.85714286,28.42857143,,27.71428571,,28.57142857,32.16666667,,,32.83333333,32.83333333,,,,,26.14285714
11/30/16,32.85714286,26.71428571,,24.85714286,,27.14285714,32,,32,32,32,,,,,26
12/7/16,32,25.57142857,,24.28571429,,26,31.42857143,,32,32,32,,,,,26
12/14/16,31,26.85714286,,25.28571429,,26.57142857,31,,,32,32,,,,,26.14285714
12/21/16,31,28,,26.42857143,,26.28571429,31,,,32,32,,,,,27.28571429
12/28/16,31,27.71428571,,25.57142857,,25.28571429,31,,31,32,32,,,,,28
1/4/17,32,28.42857143,,27.71428571,,25.42857143,31,,31.14285714,32,32,,,,,29
1/11/17,31.42857143,27,,27.71428571,,24.28571429,31,,31,32,32,,,,,28.85714286
1/18/17,31,24.28571429,,26,,22.42857143,31,,31,32,32,,,,,28
1/25/17,30.42857143,24.57142857,,26.14285714,,22.85714286,31,,31,32,32,29,,,,28
2/1/17,30.71428571,24.57142857,,27,,23.42857143,31,,31,32,32,,,,,28.28571429
2/8/17,30,23.57142857,,26,,22,31,,31,32,32,29,,,,28
2/15/17,30,23,,25.57142857,,22,31,,31,31.33333333,31.85714286,29,,,,28.42857143
2/22/17,30.28571429,23,,26,,22.42857143,31,,31,31,31,29,,,,28.71428571
3/1/17,30.85714286,22.8,,26.71428571,,22.85714286,31,,31,31,31,,,,,28.85714286
3/8/17,29.42857143,21.28571429,,26,,22,31,,31,31,31,,,,,28
3/15/17,28.85714286,20.14285714,,26,,22,31,,31,31,31,,,,,28
3/22/17,28,19,,26,,22,30.5,,31,30.57142857,31,29,,,,28
3/29/17,28.28571429,19.71428571,,26,,22,30.57142857,,31,30,31,29.14285714,,,,28.14285714
4/5/17,30.33333333,21,,26.5,,22.5,31,,31,30.71428571,31,30,,,,29
4/12/17,31,22,,26.57142857,,23,31,,31,31,31,31,,,,29.42857143
4/19/17,31,22,,26.28571429,,23,31,,31,30.71428571,31,31,,,,30
4/26/17,31.28571429,22.71428571,,27.57142857,,23,31,,31.42857143,31,31.71428571,31,,,,30.28571429
5/3/17,32,26.28571429,,31.71428571,,23.57142857,31,,31,32,32,31,,,,31.57142857
5/10/17,32,30.28571429,,32,,25,31,,31,32,32,31,,,,32
5/17/17,31.85714286,31.14285714,,32,,27.71428571,31,,31,32,32,31.14285714,,,,32
5/24/17,32,31.85714286,,32,,29,32,,31.14285714,32,32,32.71428571,,,,32
5/31/17,32,32,,33.14285714,,29.57142857,32.28571429,,31.57142857,32,32,35.28571429,,,,32
6/7/17,32.28571429,32.83333333,,35.28571429,,30.14285714,34.71428571,,32,32,32,38.42857143,,,,33
6/14/17,33.66666667,34.57142857,,37,,32.57142857,37.28571429,,31.85714286,32,32,39.42857143,,,,35
6/21/17,35,37.28571429,,38.85714286,,36.71428571,41.28571429,,32,32,32,41.57142857,,,,37.57142857
6/28/17,36.42857143,39.6,,41.14285714,,40,44.57142857,,32,32,32,43.14285714,,,,39.85714286
7/5/17,38.14285714,41.71428571,,43,,42.28571429,47.71428571,,32,32,32,45.71428571,,,,41.85714286
7/12/17,40,42.85714286,,44.42857143,,44.28571429,49.57142857,,32,32,33.42857143,48,,,,43
7/19/17,42.57142857,43.14285714,,45.28571429,,44,50.71428571,,32.28571429,32,36.71428571,,,,,43.14285714
7/26/17,44.42857143,42.71428571,,45.42857143,,43.85714286,50.57142857,,33.28571429,33,39.28571429,,,,,43
8/2/17,46.71428571,43,,46,,44.57142857,50.85714286,,35.28571429,34.42857143,40.85714286,55,,,,43.57142857
8/9/17,47,43.85714286,,46.57142857,,43.85714286,51,,38,37.14285714,42.28571429,55,,47,,44
8/16/17,46.71428571,41.28571429,,44.42857143,,40.42857143,49.33333333,,39.83333333,38.71428571,42.14285714,53.75,,45.85714286,,43.28571429
8/23/17,46,41,,43,,38,49,,40,39,42,52,,45.42857143,,43
8/30/17,45.28571429,39.57142857,,41.28571429,,34,47.57142857,,40,39,41.42857143,,,44.57142857,,41.57142857
9/6/17,45,38.85714286,,41.14285714,,33.85714286,46.2,,40,39,41,49,,43.42857143,,40.42857143
9/13/17,45.71428571,38,,41,,34.85714286,45.66666667,,39.57142857,39,40,47,,42.71428571,,39.57142857
9/20/17,44.28571429,36.14285714,,39.28571429,,33,43.85714286,,38.85714286,38.14285714,39.71428571,45,,41.85714286,,38.28571429
9/27/17,42.85714286,34.14285714,,36.57142857,,32,41.85714286,,37.71428571,37.42857143,38.57142857,43.66666667,,40.57142857,,36.71428571
10/4/17,42,33,,35.57142857,,31.57142857,40.83333333,,37,36.83333333,38,,,39.14285714,,35.71428571
10/11/17,41.71428571,32.71428571,,34.28571429,,31,39.16666667,,36.28571429,36,37,,,37.42857143,,34.71428571
10/18/17,39.28571429,32,,33.57142857,,31,37.85714286,,35.42857143,35.28571429,36,38,,35.57142857,,34
10/25/17,36.28571429,32,,33,,31,36.57142857,,34.28571429,34.85714286,35.14285714,,,34.14285714,,33.14285714
11/1/17,35.85714286,32,,33,,31,36,,34,34,35,34,,33.42857143,,33
11/8/17,35,32,,32.14285714,,31,36,,34,34,35,33.5,,32.14285714,,33
11/15/17,34.14285714,32,,32,,31,35.42857143,,33,33.42857143,34,33,,31,,33
11/22/17,34,32,,32,,31,35,,33,33,34,33,,30,,32.14285714
11/29/17,33.71428571,32,,32,,31,34.42857143,,33,33,34,33,,28.28571429,,32
12/6/17,33,32,,32,,30.71428571,34,,32.5,33,33.16666667,32,,28.71428571,,32
12/13/17,33,32,,32,,30,34,,32,33,33,32,,29,,32
12/20/17,33,32,,32,,30,34,,32,33,33,32,,28,,32
12/27/17,33,32,,32,,29.85714286,34,,32,32.57142857,33,32,,25.71428571,,32
1/3/18,33,31.42857143,,32,,29,33.14285714,,32,32,33,32,,24.42857143,,32
1/10/18,33,30.85714286,,32,,28.71428571,33,,32,32,33,32,,23.28571429,,32
1/17/18,33,30.85714286,,31.57142857,,28.71428571,33,,32,32,33,32,,23.57142857,,32
1/24/18,32.14285714,29.85714286,,31,,27.42857143,33,,32,32,32.28571429,32,,22.71428571,,32
1/31/18,32,28.57142857,,30.57142857,,27,33,,32,32,32,31.14285714,,20.85714286,,32
2/7/18,32,28.14285714,,30,,27,32.85714286,,32,32,32,31,,18.28571429,,32
2/14/18,32,29,,30,,27.71428571,32,,32,32,32,31,,19.28571429,,32
2/21/18,32,29.71428571,,30,,28,32,,32,32,,31,,20.85714286,,32
2/28/18,32,29,,30,,27.28571429,32,,32,32,32,31,,21,,32
3/7/18,32,29,,30,,27,32,,32,32,32,31,,21,,32
3/14/18,32,29,,30,,27,32,,32,32,32,31,,22.14285714,,32
3/21/18,32,29,,30,,27,32,,32,32,32,31,,22.85714286,,32
3/28/18,32,29,,30,,27,32,,32,32,32,31,,22.28571429,,32
4/4/18,32,28.28571429,,30,,27,32,,32,32,32,31,,23,,32
4/11/18,32,28,,30,,27,32,,32,32,32,31,,25.57142857,,32
4/18/18,32,28,,30,,27,32,,32,32,32,31,,27.42857143,,32
4/25/18,32,28,,30.14285714,,27,32,,32,32,32,31,,30.14285714,,32
5/2/18,32,28.85714286,,31,,27,32,,32,32,32,31,,31,,32
5/9/18,32,30.57142857,,31.85714286,,28.14285714,32,,32,32,32,31,,31,,32
5/16/18,32,31.28571429,,32,,29.57142857,32.42857143,,32,32,32,31,,31,,32
5/23/18,32,32,,32,,30,36.71428571,,32,32,32,31,,31.42857143,,32
5/30/18,34,32,,32.85714286,,30,40,,32,32,32,33,,32.85714286,,32
6/6/18,38.28571429,32,,35.71428571,,30.14285714,42.14285714,,32,32,32.28571429,39.85714286,,35.14285714,,32.85714286
6/13/18,40.85714286,33.14285714,,36.28571429,,31,42.42857143,,32.57142857,32,34.33333333,42.57142857,,36.57142857,,36.28571429
6/20/18,43.28571429,36.57142857,,39.57142857,,32,45,,35.14285714,32.42857143,37.57142857,46.42857143,,39.42857143,,40.42857143
6/27/18,45.33333333,38.83333333,,41.66666667,,38.5,46.71428571,,37.85714286,34.83333333,39.57142857,49.66666667,,41.16666667,,43.33333333
7/4/18,47.28571429,40,,42.57142857,,38.85714286,48.57142857,,40.28571429,36.42857143,41.42857143,51.71428571,,42.71428571,,44.85714286
7/11/18,47.71428571,26.66666667,,44.14285714,,40.85714286,48.85714286,,41.85714286,37.28571429,42,52,,42.42857143,,45
7/18/18,48.42857143,40.57142857,,44.85714286,,40.85714286,49,,42.42857143,38.28571429,42.28571429,53,,42.85714286,,44.71428571
7/25/18,49.85714286,43.85714286,,47.71428571,,44.71428571,51,,43.71428571,39.85714286,43.85714286,55.14285714,,44.28571429,,46
8/1/18,50.85714286,43.14285714,,47.71428571,,43.57142857,51,,44.42857143,40.42857143,44.42857143,55.71428571,,44.8,,46
8/8/18,50.42857143,41,,46.14285714,,39,49.42857143,,44.57142857,41,44.14285714,54.28571429,,44.42857143,,44.57142857
8/15/18,50.14285714,39.85714286,32,44.71428571,,38.42857143,48.57142857,,44.28571429,41,43.71428571,53.28571429,,44,,43.85714286
8/22/18,50,39.71428571,32,44.57142857,,39.14285714,48.2,,44,41,44,52.57142857,,44.71428571,,43.71428571
8/29/18,49.28571429,37.85714286,32,43.42857143,,36.28571429,46.57142857,,44,41,41.85714286,50.85714286,,43.28571429,,42.42857143
9/5/18,48.57142857,36.57142857,32,42.42857143,,35.57142857,45,,42.71428571,40.57142857,40.57142857,48.85714286,,42.42857143,,40.42857143
9/12/18,47,36.42857143,32,41.5,,36.42857143,44.14285714,,41.57142857,40,40,46.71428571,,41.28571429,,39
9/19/18,48,36,32,39.71428571,,33.85714286,44.14285714,,41.14285714,40,39.85714286,46.28571429,,40,,39
9/26/18,47,34,32,37.57142857,-148,32.14285714,41.85714286,,40.14285714,39.14285714,37.42857143,44,,38.71428571,,37
10/3/18,46.85714286,32.57142857,32,36,-148,31.71428571,40,,37.57142857,37.57142857,36.14285714,40,,36,,34.57142857
10/10/18,45.57142857,32,32,34.14285714,-20,31,37.28571429,,35.28571429,36,35,37.28571429,,34.57142857,,33.28571429
10/17/18,43.42857143,32,32,34,31,31,37,,34.28571429,35,34,36,,34,,33
10/24/18,41.14285714,32,32,33.14285714,31,31,36.2,,34,35,34,34.85714286,,33.85714286,,33
10/31/18,38,32,32,33,31,31,35.16666667,,33,34.28571429,34,33.71428571,,32.57142857,,33
11/7/18,36.28571429,32,32,33,31,30.71428571,34,,32.85714286,33.28571429,33,32.42857143,,30.57142857,,32
11/14/18,35.57142857,32,32,32.14285714,31,30,33.71428571,,32,33,33,32,,30,,32
11/21/18,35,31.42857143,32,32,31,29.57142857,33,,32,33,33,32,,30,,32
11/28/18,34.14285714,31,32,32,31,29,33,,32,33,33,32,,29.14285714,,32
12/5/18,34,31,32,32,31,28.85714286,33,,32,33,33,32,,29,,32
12/12/18,34,30.28571429,32,32,31,27.71428571,33,,32,33,33,32,,28.42857143,,31.85714286
12/19/18,33.42857143,30,32,32,31,27,33,,32,33,32.14285714,31.42857143,,27,,31
12/26/18,33,29,32,31.57142857,31,26.14285714,32.14285714,,32,32.14285714,32,31,,25.28571429,,31
1/2/19,33,29.14285714,32,31,31,26.42857143,32,,32,32,32,31,,24.28571429,,30.71428571
1/9/19,33,27.42857143,32,30.42857143,31,24.57142857,32,,32,32,32,31,,20.57142857,,29.57142857
1/16/19,32.71428571,27.57142857,32,29.85714286,31,24.71428571,32,,32,32,32,30.57142857,,20.28571429,,29
1/23/19,32,27.71428571,32,29.42857143,31,24.42857143,32,,31.71428571,32,32,30.42857143,,21,,29.28571429
1/30/19,32,28,32,29.85714286,30.71428571,25,32,,31.28571429,32,32,30.57142857,,21,,29.57142857
2/6/19,32,28,32,29.85714286,30,25,32,,31,32,32,31,,20,,29.42857143
2/13/19,32,27.57142857,32,30,29.42857143,24.28571429,32,,31,32,32,31,,21,,30
2/20/19,32,27,31.14285714,30,29,23.71428571,32,,31,32,32,31,,21,,30
2/27/19,32,26.71428571,31,30,28.16666667,24,32,,31,32,32,30.28571429,,20.14285714,,30
3/6/19,32,26,31.14285714,30,28,24,32,,31,32,32,30.71428571,,20.28571429,,30
3/13/19,32,26.85714286,31,30.14285714,29,24,32,,31,32,32,31,,21.71428571,,30
3/20/19,32,27,31.14285714,31,30,24.14285714,32,,31,32,32,31,,24,,30.28571429
3/27/19,32,28,31,31,31,25.14285714,32,,31,32,32,31,,27.14285714,,31
4/3/19,32,26.83333333,31,30.85714286,31,25.28571429,32,,31.42857143,32,32,31,,27.57142857,,30.42857143
4/10/19,32,26.85714286,31,30.71428571,31,25,32,,31,32,32,31,,30.57142857,,30.71428571
4/17/19,32,27.8,31,31,31,25,32,,31.71428571,32,32,31,,31,,28
4/24/19,32,28,31,31,31,25.71428571,32,,32,32,32,31,,31,,23.57142857
5/1/19,32,29,31,31,31,26,32,,32,32,32,31,,31,,31
5/8/19,32,29.83333333,31,31.57142857,31,27,32,,32,32,32,31,,31,,31
5/15/19,32.85714286,31,31,32,31,28.85714286,32,,32,32,32,31,,31,,30.42857143
5/22/19,34.71428571,31.71428571,31,32,31,30.28571429,34.28571429,,32,32,32,31.85714286,,31.14285714,,31.57142857
5/29/19,36.71428571,32,31,33.28571429,31,33,39,,32,32,32,35,,33.57142857,,30.71428571
6/5/19,39.28571429,32.42857143,31.14285714,36.28571429,31,36.14285714,41,,32,32,32,37.42857143,,35.85714286,,31.28571429
6/12/19,42,35.28571429,31,38.28571429,31,36.28571429,43.42857143,,32,32,32,42.42857143,,38.57142857,,34.14285714
6/19/19,44.14285714,38.5,31.42857143,41.28571429,31,40.57142857,46,,32,32,34.14285714,47.85714286,,41.5,,37.57142857
6/26/19,46,40,32,43.14285714,31,41.85714286,47.66666667,,32,32.66666667,37,51,,43.5,,40.28571429
7/3/19,47.33333333,41.4,32,44.5,31,44.71428571,49,,32,34.28571429,39.85714286,52.66666667,,44.71428571,,42.5
7/10/19,49.42857143,42.83333333,32,48,31,46.28571429,50.28571429,,32,36.71428571,41.71428571,54.57142857,,45,,44.28571429
7/17/19,49,42.8,32,48.28571429,31,46.14285714,51,,33.57142857,38.57142857,43,55,,45.71428571,,43.66666667
7/24/19,49,44.16666667,32,48.85714286,31,46.57142857,51.57142857,,37.14285714,40.28571429,43.85714286,55.28571429,,46.57142857,,46
7/31/19,49.71428571,43.33333333,32,48.28571429,31.42857143,43.57142857,51,,40.71428571,41.71428571,44.42857143,55,,47.33333333,,46.28571429
8/7/19,51.71428571,43.14285714,32,48,32,42.28571429,51,,42.33333333,43,45.66666667,55,,47.42857143,,45.57142857
8/14/19,51.85714286,42.42857143,32.28571429,47.42857143,32,40.71428571,50.14285714,,45.14285714,43.28571429,44.14285714,54.28571429,,46.57142857,,42.57142857
8/21/19,49.5,39.57142857,32,45.42857143,32,36.14285714,47.85714286,,43.28571429,42.14285714,41.85714286,51.42857143,,44.14285714,,38.85714286
8/28/19,49,39.57142857,32,44.71428571,32,37.14285714,47,,42.33333333,42,42,50.42857143,,43.14285714,,38.71428571
9/4/19,49.5,40,32,44.57142857,32,39,47.14285714,,42,41.57142857,42,50,,43.28571429,,39.28571429
9/11/19,49.28571429,39.14285714,32,43.57142857,32,37,46.85714286,44,41.14285714,41,42,49.14285714,,42.14285714,,39
9/18/19,47.14285714,36.42857143,32,40.42857143,32,33.71428571,44.71428571,43.28571429,40.28571429,40.28571429,40.71428571,46.57142857,,41.71428571,,38
9/25/19,45,33.57142857,32,38.28571429,32,32.14285714,42.28571429,41.71428571,38.57142857,39.14285714,38.85714286,42.71428571,,39.57142857,,36.14285714
10/2/19,44.14285714,33,32,37.14285714,31.66666667,32,41,40.85714286,38,38.2,38,41.42857143,,38.57142857,,35.57142857
10/9/19,42.28571429,32.85714286,32,36,31,31.28571429,39.5,39.85714286,37,37.75,,39.14285714,,37.2,,34.85714286
10/16/19,38.57142857,32,32,35,31,31,,37.85714286,,,,36.28571429,,,,34
10/23/19,36.28571429,32,32,34,31,31,,36.28571429,,,,34.71428571,,,,34
10/30/19,36,32,32,34,31,31,,35.57142857,,,,34,,,,33
11/6/19,35.14285714,32,32,32.85714286,31,31,,35,,,,34,,,,33
11/13/19,34.28571429,32,32,31.85714286,31,30.57142857,,34.42857143,,,,33,,,,33
11/20/19,34,32,32,31,31,29.14285714,,34,,,,33,,,,32.33333333
11/27/19,34,32,32,31,31,29,,34,,,,33,,,,32
12/4/19,33.42857143,32,32,31,31,28.71428571,,33.85714286,,,,32.71428571,,,,32
12/11/19,33,32,32,30.57142857,31,28.42857143,,33,,,,32,,,,32
12/18/19,33,31.14285714,32,27.42857143,31,26.71428571,,33,,,,32,,,,32
12/25/19,32,29.57142857,32,21.85714286,31,23,,33,,,,32,,,,32
1/1/20,30.57142857,29,32,24.14285714,31,22.28571429,,33,,,,32,,,,32
1/8/20,27.28571429,27.33333333,32,24.85714286,31,22.42857143,,33,,,,32,,,,32
1/15/20,28,27,32,24,31,22.85714286,,32,,,,32,,,,32
1/22/20,27.57142857,26.8,32,21.71428571,31,21.85714286,,32,,,,32,,,,32
1/29/20,25.42857143,25.57142857,31.6,18.85714286,30.71428571,20.14285714,,32,,,,32,,,,31.85714286
2/5/20,27.71428571,26,31,21,30,20,,32,,,,31.14285714,,,,31
2/12/20,28,26.16666667,31,22.71428571,29.71428571,18.28571429,,32,,,,31,,,,31
2/19/20,28.85714286,25.25,31,22.42857143,29.57142857,19.14285714,,32,,,,31,,,,31
2/26/20,29,24,31,20.28571429,28.71428571,18.85714286,,32,,,,31,,,,30.71428571
3/4/20,29,22.5,31,17,28.42857143,17.71428571,,32,,,,31,,,,30
3/11/20,29,22.33333333,31,17.14285714,28,17.28571429,,32,,,,31,,,,30
3/18/20,29.71428571,24,31,21.14285714,28.57142857,19.71428571,,32,,,,31,,,,30.14285714
3/25/20,30.28571429,24,31,22.85714286,28.71428571,20.57142857,,32,,,,31,,,,31
4/1/20,31,23,31,23.28571429,28,21,,32,,,,31,,,,31
4/8/20,31,23,31,24,28.14285714,21,,32,,32,0,31,,,,31
4/15/20,31,24.85714286,31,30.85714286,30.71428571,21.71428571,,32,,32,0,31,,,,31.42857143
4/22/20,31,28,31,32,31,22.85714286,,32,,32,0,31,,,,32
4/29/20,31,27.66666667,31,32,31,23,32,32,32,32,32,31,,,,32
5/6/20,31,31,31,32,31,23.85714286,32,32,32,32,32,31,,,,32
5/13/20,31,31,31,32,31,26.85714286,32,32,32,32,32,31,,,,32
5/20/20,31,31.33333333,31,32,31,27.57142857,32.71428571,32,32,32,32,31,,,,32
5/27/20,31,32,31,32,31,29.42857143,36.28571429,32,32,32,32,31.57142857,,,,32
6/3/20,31,32,31,32.28571429,31,31.14285714,38.28571429,32.85714286,32,32,32,38.57142857,,,,32
6/10/20,31.71428571,34.5,31,34,31,36.14285714,40.5,33.71428571,32.71428571,32,33.42857143,45.42857143,,,,34.14285714
6/17/20,34.14285714,38,31,36.57142857,31,38.28571429,43.16666667,34.71428571,33.14285714,32.42857143,37.14285714,49.28571429,,,,40
6/24/20,35.14285714,37.75,31,37.71428571,31,38.28571429,43.71428571,35.28571429,33.85714286,33.28571429,40,49.71428571,,41,,41.57142857
7/1/20,36.42857143,37,31,38.85714286,31,39.57142857,44.71428571,36.16666667,34,34.57142857,40.42857143,50.28571429,,41.28571429,,42.57142857
7/8/20,38.14285714,40,32,41,31,41.14285714,46,37.28571429,35,36.83333333,42,52,,42.14285714,,44
7/15/20,40.14285714,40,32,41.85714286,31,40.71428571,47.71428571,38.14285714,38.28571429,39.14285714,43,53,,43.28571429,,44.83333333
7/22/20,41.28571429,,32,42,31,39.71428571,48,38.57142857,41.83333333,40.57142857,44,54,,44,,44.85714286
7/29/20,42.14285714,,33,42.28571429,31.14285714,40.57142857,48.85714286,39.14285714,43.71428571,41.71428571,44.42857143,53.71428571,,45.42857143,,42.57142857
8/5/20,43.28571429,,33,43.85714286,32,41.57142857,49,40,44.14285714,43,45,54.42857143,,45.57142857,,42.57142857
8/12/20,43.42857143,,32,43.57142857,32,42,49,40,44.28571429,43,44.85714286,53.57142857,,45.42857143,,42
8/19/20,44.57142857,,32.42857143,44,32,42.85714286,49.33333333,40.85714286,44.75,43.42857143,45.5,53,,45.85714286,,42.42857143
8/26/20,45.66666667,,33,43.5,32.5,40.71428571,49,41,44.33333333,43.71428571,45.14285714,52.71428571,,45.5,,42.85714286
9/2/20,44.71428571,,32.28571429,42,32,38,47.5,41,43.5,43,43.75,51.42857143,,44.14285714,,42.28571429
9/9/20,43.42857143,,32,40.28571429,32,35.57142857,45,40.71428571,41.8,41.83333333,41.8,49.14285714,,43,,40.83333333
9/16/20,43.66666667,,32,38.71428571,32,33.28571429,44.5,41,42,41,41,47.42857143,,41.71428571,,
9/23/20,41.71428571,,32,36.85714286,32,32.28571429,42.4,40.28571429,39.75,40,39.75,44.42857143,,40.71428571,,
9/30/20,40.57142857,,32,36.42857143,32,32,42,40,39.66666667,39.28571429,39,42.85714286,,39.85714286,,
10/7/20,40.85714286,,32,35.14285714,31.85714286,31.14285714,40,39.71428571,36.57142857,38.42857143,37.85714286,40.71428571,,38.28571429,,
10/14/20,37.85714286,,32,32.71428571,31,31,36.6,37.57142857,33.83333333,36.42857143,35.83333333,36.85714286,,36.14285714,,
10/21/20,36,,32,32,31,31,35.16666667,36.14285714,33,34.57142857,34.33333333,35.14285714,,34.14285714,,
10/28/20,35.57142857,,32,32,31,31,34.33333333,35.28571429,32.5,34,34,34,,33.57142857,,
11/4/20,34.14285714,,32,31.28571429,31,31,34,34.28571429,32,33.71428571,34,34,,32.42857143,,
11/11/20,34,,32,31.85714286,31,31,34,34,32,33,33.14285714,33.42857143,,32,,
11/18/20,33.42857143,,32,31,31,30.71428571,34,33.57142857,32,33,33,33,,31.57142857,,
11/25/20,33,,32,31,31,30,33.28571429,33,32,33,33,33,,30.57142857,,
12/2/20,33,,32,30.71428571,31,30,33,33,32,33,33,32.71428571,,30,,
12/9/20,33,,32,29.71428571,31,29,,33,,33,33,32,,29.28571429,,
12/16/20,32.66666667,,32,26,31,27.57142857,33,33,32,33,33,32,,28.42857143,,
12/23/20,32,,32,26.57142857,31,27,,32,,33,33,32,,27.57142857,,
12/30/20,32,,32,26.71428571,31,26.28571429,33,32,32,33,32.66666667,32,,26.57142857,,
1/6/21,32,,32,25.71428571,31,25.42857143,,32,,33,32,32,,25.85714286,,
1/13/21,32,,32,26.28571429,31,24.83333333,32.16666667,32,31.16666667,33,32,31.85714286,,25,,
1/20/21,32,,32,27.28571429,31,25.42857143,32,32,31.5,33,32,31,,,,
1/27/21,32,,32,24.71428571,31,24,32,32,31,32.57142857,32,31,,,,
2/3/21,32,,31.71428571,21,30.14285714,21.57142857,32,32,31,32,32,31,,,,
2/10/21,32,,31,19.57142857,28.28571429,20.71428571,32,32,30.71428571,32,32,31,,,,
2/17/21,32,,31,18.57142857,28,20.28571429,32,32,31,32,32,30.71428571,,,,
2/24/21,31.28571429,,31,17.71428571,27.85714286,19.42857143,32,32,31,32,32,30.28571429,,22,,
3/3/21,31,,31,18.14285714,27.42857143,19,32,32,31,32,32,31,,22.57142857,,
3/10/21,31,20,31,19.14285714,27,19.83333333,32,32,31,32,32,31,,23,,
3/17/21,31,17.8,31,18,26.57142857,19,32,32,31,32,32,30,,22.85714286,,
3/24/21,31,18.42857143,31,19.14285714,26.71428571,19,32,32,31,32,32,30.71428571,,22.42857143,,
3/31/21,31,20,31,21.28571429,27.71428571,19.85714286,32,32,31,32,32,31,,23.57142857,,
4/7/21,31,18.85714286,31,21.57142857,26.85714286,18.71428571,32,32,31,32,32,31,,24,,
4/14/21,31,20.2,31,22.85714286,29.14285714,19.57142857,32,32,31.57142857,32,32,31,,25.14285714,,
4/21/21,31,22.5,31,26.71428571,31,21,32,32,32,32,32,31,,28.42857143,,
4/28/21,31,24,31,29,31,22,32,32,32,32,32,31,,30.71428571,,
5/5/21,31,27,31,31.14285714,31,22.28571429,32,32,32,32,32,31,,31,,
5/12/21,31,30.57142857,31,-21.42857143,31,25.28571429,32,32,32,32,32,31,,31,,
5/19/21,31,31,31,32,31,27,32.66666667,32,32,32,32,31,,31.57142857,,
5/26/21,31,31.71428571,31,32,31,28.42857143,34.71428571,32,32,32,32,31.28571429,,32.42857143,,
6/2/21,31.71428571,32,31,32.14285714,31,29,37.71428571,32,32,32,32,33.57142857,,34.71428571,,
6/9/21,34.28571429,32,31,33.71428571,31,29.85714286,40.28571429,32,32.57142857,32,32,36.42857143,,36.71428571,,
6/16/21,37.71428571,35.42857143,31,36.28571429,31,33.57142857,43.14285714,32,33,32,32,42.28571429,,39.14285714,,
6/23/21,40.57142857,38.28571429,31,38,31,38,45.57142857,32,33.85714286,32,32,47.28571429,,41.71428571,,
6/30/21,42.14285714,39.66666667,31,38.57142857,31,38.57142857,46.57142857,32.83333333,34,32.85714286,33.14285714,49.42857143,,42,,
7/7/21,43.14285714,39,31,39.42857143,31,40.14285714,46.28571429,34,34.14285714,34,35.28571429,50,,42,,
7/14/21,44.71428571,41.42857143,31.85714286,41.57142857,31,41.85714286,47.71428571,35.14285714,37.42857143,36.57142857,37.85714286,51.42857143,,42.2,,
7/21/21,46.71428571,42.71428571,32,42.57142857,31,43.85714286,49.5,36.57142857,41.25,40,40.75,52.85714286,,44.5,,
7/28/21,47.85714286,41.71428571,32,42.42857143,31,43.14285714,49.42857143,37.14285714,42.71428571,40.57142857,41.57142857,53.42857143,,45,,
8/4/21,50,43.16666667,32.71428571,43.57142857,31,43,50.71428571,38.16666667,44,42,43.57142857,54.71428571,,46,,
8/11/21,49.42857143,40.57142857,33,42,31,39.14285714,49.42857143,38.33333333,43.71428571,42,42.71428571,53.28571429,,45.42857143,,44.66666667
8/18/21,48.14285714,38.14285714,33,40.57142857,31.57142857,37.14285714,46.71428571,38,42.85714286,42,41.57142857,50.71428571,,44,,43.14285714
8/25/21,48.42857143,38.71428571,32.85714286,40.28571429,32,37.14285714,46.57142857,38,43.28571429,42,41.57142857,50.14285714,,43.28571429,,42.42857143
9/1/21,48.57142857,39.33333333,33,41.14285714,32,38.14285714,46.66666667,38,42.85714286,42,41.85714286,49.85714286,,42.85714286,,40.85714286
9/8/21,48.14285714,38.42857143,33,40.71428571,32,37.42857143,45.85714286,38.28571429,41.57142857,41,41.71428571,48.42857143,,42.14285714,,39.85714286
9/15/21,46.57142857,36.33333333,32,38.42857143,32,34.71428571,43.57142857,38,39.57142857,40.14285714,40.14285714,45.28571429,,40.57142857,,37.42857143
9/22/21,42.57142857,33,32,35.71428571,31.57142857,32.28571429,40.28571429,36.42857143,37.71428571,38.42857143,38.28571429,41.42857143,,38.42857143,,35.14285714
9/29/21,39.83333333,32.28571429,32,34,31,31.71428571,38.28571429,35.28571429,36.14285714,36.85714286,36.57142857,38.14285714,,37.28571429,,34
10/6/21,39.71428571,32,32,33,31,31,37.14285714,34.16666667,35,36,36,36.42857143,,36.14285714,,33
10/13/21,38.85714286,32,32,32.57142857,31,31,36.85714286,34,34.57142857,35.14285714,35.71428571,35.42857143,,36,,33
10/20/21,36.57142857,32,32,32,31,31,36,34,34,35,35,34.14285714,,35.14285714,,33
10/27/21,35.42857143,32,32,32,31,31,35.57142857,33.28571429,33.42857143,34.14285714,35,34,,34.28571429,,32.85714286
11/3/21,34.16666667,32,32,32,31,31,35,33,33,34,34.5,33.14285714,,33.85714286,,32
11/10/21,34,32,32,31.85714286,31,31,34.28571429,33,32.85714286,34,34,33,,32.85714286,,32
11/17/21,34,32,32,29.14285714,31,30.28571429,33.8,32.42857143,32.2,33.2,33.6,32.71428571,,32,,32
11/24/21,33.14285714,31.85714286,32,26.14285714,31,28.57142857,33,32,32,33,33,32,,31,,32
12/1/21,33,30.16666667,32,24.66666667,31,27,32.57142857,32,32,33,33,32,,30,,32
12/8/21,33,29.83333333,32,27.66666667,31,26.6,32,32,32,33,33,32,,29,,32
12/15/21,32.57142857,29,31.14285714,27,31,25.42857143,32,32,32,33,32.85714286,32,,28,,31.85714286
12/22/21,32,29,31.42857143,28,31,25.14285714,32,32,32,33,32.5,32,,28,,31
12/29/21,32,29.42857143,32,28.71428571,30.42857143,25,32,32,32,33,,32,,28,,31
1/5/22,32,28.28571429,31.85714286,28.85714286,29.33333333,25,32,32,32,33,32,32,,27.57142857,,31
1/12/22,32,28,31,28,29,25,32,32,32,33,32,31.42857143,,26.28571429,,31
1/19/22,31,28,31,27.28571429,29,24.5,32,32,32,33,32,31,,26,,31
1/26/22,31,27.85714286,31,27.57142857,29.85714286,24.14285714,32,32,32,32.85714286,32,31,,26.14285714,,31
2/2/22,31,26.28571429,31,25.71428571,29,22.71428571,32,32,32,32.14285714,32,31,,26.28571429,,30.66666667
2/9/22,30.28571429,25.28571429,31,24,29,21.42857143,32,32,32,32,32,31,,26,,30
2/16/22,30.85714286,24.14285714,31,23.28571429,29,20.57142857,32,32,32,32,32,31,,26,,30
2/23/22,31,24.14285714,31,24.42857143,29.14285714,21.57142857,32,31,32,32,32,31,,26,,30
3/2/22,31,25,31,26,30,22,32,31,32,32,32,31,,26.57142857,,30.28571429
3/9/22,31,24.85714286,31,25.71428571,29,21.71428571,32,31,32,32,32,31,,27,,31
3/16/22,31,23.85714286,31,24,29,20.28571429,32,31,32,32,32,31,,27,,30.28571429
3/23/22,30.14285714,23,31,23.71428571,29,20,32,31,32,32,32,31,,27,,30
3/30/22,31,23,31,23.28571429,29.85714286,19.71428571,32,31,32,32,32,31,,27,,30
4/6/22,31,22.28571429,31,22.71428571,30,18.71428571,32,31,32,32,32,31,,27,,30
4/13/22,31,22.85714286,31,24,30,20,32,31,32,32,32,31,,27,,30.42857143
4/20/22,31,23.14285714,31,26.28571429,30.14285714,20.42857143,32,31,32,32,32,31,,27.14285714,,31
4/27/22,31,24.42857143,31,31.57142857,31,21.57142857,32,31,32,32,32,31,,29.28571429,,31.14285714
5/4/22,31,26.57142857,31,32,31,23.28571429,32,31,32,32,32,31,,30.71428571,,32
5/11/22,31,28,31,32,31,24,32,31,32,32,32,31,,31,,32
5/18/22,31,30,31,32,31,25.57142857,32,31,32,32,32,31,,31,,32
5/25/22,31,31,31,14.71428571,31,28.28571429,32,31,32,32,32,31,,31.28571429,,32
6/1/22,32,31.83333333,31,-84,31,29.71428571,32.28571429,31,32,32,32,31.57142857,,33.33333333,,32
6/8/22,33.71428571,32,31,,31,30.57142857,34.85714286,31,32,32,32,33.85714286,,36.14285714,,32
6/15/22,36,33.83333333,31,,31,33.57142857,38.28571429,31.66666667,33,32,32.14285714,39.85714286,,38.42857143,,32.85714286
6/22/22,40.57142857,37.42857143,31,,31,37.42857143,41.28571429,31.85714286,33.28571429,32.42857143,34.71428571,45.33333333,,40.71428571,,35.42857143
6/29/22,44,40.4,31,,31,41.28571429,44.28571429,31.85714286,34.85714286,33,38.42857143,49.14285714,,43.14285714,,39.71428571
7/6/22,46.14285714,42.8,31,,31,44.42857143,47.14285714,32,37.57142857,34.14285714,41,52.8,,44,,43.28571429
7/13/22,48,41.28571429,31,,31,40,47.28571429,32,39.42857143,35.5,42,53.42857143,,,,44
7/20/22,47.28571429,40.14285714,31.14285714,,31,41,47,32,40.28571429,37.57142857,42,52.28571429,,44,,44
7/27/22,47.14285714,39.57142857,31.71428571,,31,38.85714286,46.85714286,32.42857143,41,38.42857143,41.71428571,52,,43.85714286,,43.57142857
8/3/22,48,41,32,,31,40.71428571,47.85714286,34,42.85714286,39.85714286,42.42857143,52.57142857,,44.14285714,,44.71428571
8/10/22,47.71428571,39.71428571,32,,31.14285714,39.71428571,47,34.57142857,42.57142857,40.28571429,42.28571429,51.57142857,,44.14285714,,43.71428571
8/17/22,48,41,32,,32,38.28571429,48,35.66666667,43.28571429,41,43,52,,44.71428571,,44
8/24/22,49,41.57142857,32,,32,39.57142857,48,36.57142857,44,41.85714286,43,52,,45,,44.33333333
8/31/22,48.85714286,40.42857143,32,,32,38.85714286,47.16666667,37.85714286,43.57142857,42,42.66666667,50.8,,44.14285714,,44
9/7/22,48,38.57142857,32,,32,36.5,45.71428571,38,42.14285714,41.14285714,41.85714286,49.57142857,,42.85714286,,42.28571429
9/14/22,48,37.28571429,32,,32,35.85714286,44.57142857,38,41.42857143,40.42857143,41,48.14285714,,42.14285714,,41
9/21/22,46.14285714,34.57142857,32,37.5,32,33.14285714,42.57142857,37.57142857,39.42857143,39.42857143,39.66666667,45.42857143,,40.8,,39
9/28/22,43.71428571,33.42857143,32,35.71428571,32,32,41,37,38,38.14285714,38,42.85714286,,39,,37.16666667
10/5/22,43,33,32,34.28571429,32,31.14285714,40,36.85714286,37.14285714,37.71428571,38,41,,38.71428571,,36
10/12/22,40.14285714,32.14285714,32,33.57142857,31.57142857,31,38.57142857,35.57142857,35.42857143,36.57142857,36.28571429,37.85714286,,37.28571429,,34.85714286
10/19/22,38.14285714,32,32,33,31,31,37.28571429,34.57142857,34.71428571,36,36,35.57142857,,36,,34
10/26/22,37.57142857,32,32,32.28571429,31,30.85714286,35.85714286,34,33.57142857,34.85714286,35.14285714,34.42857143,,35.57142857,,33.42857143
11/2/22,36.14285714,32,32,32,31,29.42857143,34.42857143,34,33.42857143,34,34.16666667,33.57142857,,34.71428571,,33
11/9/22,35.14285714,32,32,32,31,29,34,33,33,33.42857143,34,33,,34,,32.71428571
11/16/22,35,32,32,32,31,29,34,33,32.85714286,33,33.57142857,32.42857143,,33.85714286,,32
11/23/22,34.28571429,32,32,32,31,27.85714286,33,33,31.85714286,33,33,32,,33,,32
11/30/22,34,31.14285714,32,31.42857143,31,28,33,33,32,33,33,32,,32.85714286,,32
12/7/22,34,30.42857143,32,31.85714286,31,29,33,33,,33,33,32,,32,,32
12/14/22,34,26.57142857,32,31,31,28.16666667,33,32.14285714,,33,33,32,,32,,32
12/21/22,33.57142857,20.85714286,32,30.28571429,31,27.42857143,33,32,31.2,33,33,32,,32,,32
12/28/22,33,22,32,30,31,26.85714286,32.57142857,32,31.42857143,33,32.42857143,32,,31.85714286,,32
1/4/23,33,24,32,30,31,26.14285714,32.14285714,32,31.28571429,33,32,32,,31,,32
1/11/23,33,24,32,29.57142857,31,26,32,32,31,33,32,32,,30.57142857,,32
1/18/23,33,23.42857143,32,28.71428571,31,25.42857143,32,32,31,33,32,31.71428571,,30,,31.85714286
1/25/23,32.71428571,23,32,27.28571429,31,25,32,32,,33,32,31,,29,,31
2/1/23,32,24,32,26.85714286,31,24.57142857,32,32,,33,32,31,,29,,31
2/8/23,32,24,32,25.85714286,31,23.14285714,32,32,,33,32,31,,28.85714286,,31
2/15/23,32,23.85714286,31.85714286,25,31,22.28571429,32,32,,33,32,31,,28,,30.42857143
2/22/23,32,23.28571429,31,25.85714286,31,22.42857143,32,32,,33,32,31,,27.57142857,,30
3/1/23,32,22.57142857,31,25.71428571,31,21.57142857,32,32,,33,32,31,,27,,30
3/8/23,32,23.42857143,31,26.57142857,31,22.42857143,32,32,31,33,32,31,,27,,30.28571429
3/15/23,32,23.28571429,31,26.14285714,31,22,32,32,31,33,32,31,,26.57142857,,30.28571429
3/22/23,32,23,31,26.14285714,31,22,32,32,31,33,32,31,,26,,30
3/29/23,32,23,31,27,31,22,32,32,31,33,32,31,,26.57142857,,30.14285714
4/5/23,32,23,31,27,31,21.57142857,32,32,31,32.85714286,32,31,,27,,31
4/12/23,32,23,31,26.28571429,31,20.57142857,32,32,31,32,32,31,,27,,31
4/19/23,32,23,31,26.85714286,31,21,32,32,31.16666667,32,32,31,,27.42857143,,31
4/26/23,32,23,31,26.57142857,31,21.85714286,32,32,31.85714286,32,32,31,,28.28571429,,31
5/3/23,32,24.42857143,31,29.85714286,31,22.71428571,32,32,32,32,32,31,,30.71428571,,31
5/10/23,32,28.85714286,31,32,31,24.42857143,32,32,32,32.57142857,32,31,,31,,31.57142857
5/17/23,32.14285714,30.85714286,31,32,31,27.42857143,32,32,32,32,31.85714286,31,,31,,32
5/24/23,35,31.42857143,31,32,31,28.71428571,32.57142857,32,32,32.42857143,32,31,,31.14285714,,32
5/31/23,37.14285714,32,31,32.14285714,31,29.57142857,34.14285714,32,32,32.85714286,31.71428571,31.28571429,,32.28571429,,32
6/7/23,40,32,31,34,31,30.42857143,37.57142857,32,32,33,32,34.28571429,,34.57142857,,32.14285714
6/14/23,41.42857143,33,31,36.14285714,31,32.85714286,38.85714286,32.57142857,32.57142857,33,32,40,,35.57142857,,33.6
6/21/23,44.14285714,37,31.42857143,38.28571429,31,36.42857143,41.57142857,33.71428571,33.14285714,33,32,45.14285714,,38.28571429,,37
6/28/23,45.57142857,39.14285714,32,40.14285714,31,40.28571429,43.83333333,34.57142857,34,33,33.57142857,48.42857143,,39.85714286,,40.28571429
7/5/23,46,40.14285714,32,41,31,41.42857143,45.57142857,35,34,33.14285714,35.71428571,49.85714286,,41.57142857,,42.57142857
7/12/23,47,41.14285714,32,41.85714286,31,42.42857143,46.66666667,36.28571429,35.33333333,34.2,37.85714286,51.16666667,,43.28571429,,44
7/19/23,48.28571429,43.85714286,32,44.71428571,31.71428571,45.71428571,49.28571429,37.71428571,38.71428571,36.28571429,40.85714286,53,,44.85714286,,46
7/26/23,49.85714286,46,32,46.28571429,32.57142857,47.28571429,51,38,42.71428571,38.42857143,43.57142857,54.75,,46.85714286,,47.71428571
8/2/23,50.85714286,44.85714286,32.71428571,46.42857143,33.14285714,46.57142857,51,39,44.57142857,39.71428571,44.71428571,55,,47,,47.14285714
8/9/23,51,45.71428571,33.28571429,46.71428571,33.28571429,45.14285714,51,39.85714286,45,40.85714286,45,54,,47.66666667,,46.85714286
8/16/23,50.42857143,42.42857143,33,45.14285714,33,43,49.42857143,40,44.14285714,41,44.28571429,53,,47,,45.57142857
8/23/23,50.71428571,42.42857143,33.57142857,44.85714286,33.42857143,40.42857143,48.71428571,40.42857143,44.85714286,42,44,52,,47.42857143,,43.28571429
8/30/23,50,41.42857143,33,43.28571429,33.28571429,39.28571429,47.71428571,41,44.57142857,42,43.57142857,51.42857143,,47.14285714,,40.85714286
9/6/23,48.57142857,39.42857143,33,42,33,37,46,41,43.28571429,42,42.28571429,49.42857143,,45.42857143,,39.28571429
9/13/23,46.71428571,38,32.14285714,40.42857143,32.57142857,35.71428571,45.14285714,40.14285714,42,41.14285714,41.71428571,47.57142857,,44,,38.14285714
9/20/23,45,35.14285714,32,38.14285714,32,33,42.85714286,39.85714286,39.42857143,39.71428571,39.71428571,45,,42,,36.71428571
9/27/23,43.14285714,33.71428571,32,35.57142857,32,32,40.42857143,38.71428571,36.71428571,38.28571429,37.85714286,40.85714286,,40,,34.42857143
10/4/23,41.28571429,33,32,33.71428571,31.57142857,31.42857143,38.57142857,37.71428571,35.33333333,37,36.42857143,38.14285714,,38.42857143,,33.42857143
10/11/23,38.85714286,32,32,33,31,31,37.85714286,36.33333333,34.28571429,36,36,36.85714286,,37.85714286,,33
10/18/23,37,32,32,33,31,31,37,35.57142857,34,35.71428571,35.14285714,36,,36.71428571,,33
10/25/23,35.57142857,32,32,32.42857143,31,31,36.14285714,34.42857143,33.85714286,35,35,35.28571429,,35.42857143,,33
11/1/23,35,32,32,32,31,31,35.66666667,34,33,34.85714286,34.66666667,34.16666667,,34.14285714,,32.57142857
11/8/23,34,32,32,32,31,31,34.42857143,34,33,34,34,34,,34,,32
11/15/23,34,32,32,32,31,31,34,33.28571429,32.28571429,34,34,34,,33.42857143,,32
11/22/23,34,32,32,32,31,31,34,33,32,33.71428571,34,33,,32.71428571,,32
11/29/23,34,32,32,32,31,31,33.85714286,33,32,33,33.57142857,33,,32,,32
12/6/23,34,32,32,32,31,31,33,33,32,33,33,33,,31.85714286,,32
12/13/23,33.14285714,32,32,31.85714286,31,30,33,33,32,33,33,32.28571429,,31,,32
12/20/23,33,32,32,31,31,29.28571429,33,33,32,33,33,32,,30.28571429,,32
12/27/23,33,31.57142857,32,31,31,29,33,32,32,33,33,32,,29.42857143,,32
1/3/24,33,31,32,29,31,28,33,32,,33,33,32,,28.28571429,,32
1/10/24,33,30.42857143,32,26.42857143,31,27.28571429,32.28571429,32,,33,32.28571429,32,,28,,32
1/17/24,33,29.71428571,32,27.42857143,31,27.57142857,32,32,,33,32,32,,27.42857143,,32
1/24/24,32.57142857,27.85714286,32,25.57142857,31,27.14285714,32,32,,33,32,32,,26.42857143,,32
1/31/24,32,26.42857143,32,25.71428571,31,26.28571429,32,32,,33,32,32,,25.85714286,,30.66666667
2/7/24,32,27.14285714,32,25.42857143,31,26,32,32,,33,32,31,,24.85714286,,30
2/14/24,32,28.57142857,32,26.71428571,31,27,32,32,,33,32,31,,24.85714286,,30
2/21/24,32,29,32,26.85714286,31,26.42857143,32,32,,33,32,31,,24.85714286,,30.28571429
2/28/24,32,28,32,23.14285714,30.85714286,26,32,32,,33,32,30.71428571,,24.71428571,,30.14285714
3/6/24,32,27,32,23.71428571,30,25.42857143,32,32,,33,32,30,,24,,30
3/13/24,32,26.28571429,32,22.57142857,30,24.28571429,32,32,,33,32,29.14285714,,24,,30
3/20/24,32,26.42857143,32,24.57142857,30,24.42857143,32,32,,33,32,29.33333333,,24.57142857,,30
3/27/24,32,27.28571429,32,27.71428571,30.71428571,25,32,32,,33,32,30.57142857,,25.85714286,,30
4/3/24,32,27.14285714,32,28,31,25,32,32,,33,32,31,,26.57142857,,30.85714286
4/10/24,32,27.85714286,32,28,31,25,32,32,32,33,32,31,,27,,31
4/17/24,32,28.14285714,32,30,31,25.71428571,32,32,32,33,32,31,,28,,31
4/24/24,32,29.71428571,32,31.85714286,31,26.57142857,32,32,32,33,32,31,,30.42857143,,31.42857143
5/1/24,32,31,32,32,31,26.42857143,32,32,32,33,32,31,,31,,32
5/8/24,32,31,32,32,31,26.28571429,32,32,32,33,32,31,,31,,32
5/15/24,32,31.71428571,32,32,31,28,32,32,32,33,32,31,,31,,32
5/22/24,32,32,32,32,31,29.57142857,32.42857143,32,32,33,32,31,,31.71428571,,32
5/29/24,35.14285714,32,32,32.57142857,31,30,35.14285714,32,32,33,32,33.14285714,,33.85714286,,32
6/5/24,38.85714286,32.83333333,32,35.14285714,31,30.28571429,38,32,32,33,32,36.71428571,,35.57142857,,32.28571429
6/12/24,41.28571429,36.57142857,32,38,31,32.85714286,40.57142857,32.42857143,32.42857143,33,32,40.71428571,,37.85714286,,34.71428571
6/19/24,43.57142857,38.85714286,32,39.57142857,31,37.42857143,42.71428571,33.42857143,33.14285714,33,32,44.28571429,,39.71428571,,36.57142857
6/26/24,45.85714286,41.57142857,32,42,31,41.42857143,45.14285714,34,35,33,34,47.57142857,,41.28571429,,40
7/3/24,46,39.85714286,32,41.85714286,31,40,46,35,36.85714286,34.42857143,37.14285714,49,,42,,42
7/10/24,47.28571429,40.28571429,32.28571429,42.28571429,31,41.57142857,46.57142857,35.83333333,40,35.71428571,41.57142857,49.85714286,,41.85714286,,43.28571429
7/17/24,47.14285714,41.6,33.28571429,43.71428571,31,43,47.28571429,36.42857143,41.71428571,37.14285714,42.42857143,50.28571429,,42.28571429,,43.28571429
7/24/24,49.28571429,44.42857143,34,46.28571429,31,44.42857143,49,38.71428571,43.85714286,39.14285714,44.28571429,52.42857143,,44.28571429,,44.85714286
7/31/24,49.14285714,41.33333333,34,44.66666667,31,41.71428571,47.83333333,39,44,40,43.33333333,51.83333333,,44,,43.14285714
8/7/24,49.71428571,43.57142857,34.28571429,45.57142857,31.83333333,43.28571429,48.8,39.85714286,45.6,41,44.2,52.5,,44.57142857,,41.57142857
8/14/24,49.75,42.14285714,34,44.14285714,32,41.14285714,48,40,44.85714286,41.57142857,44,52,,44,,41.28571429
8/21/24,48.85714286,39.42857143,34,42.85714286,32,38.85714286,46.66666667,40,43.42857143,41.42857143,42.71428571,50.28571429,,43.28571429,,40.57142857
8/28/24,48.28571429,39.85714286,33.85714286,42.42857143,32,37.28571429,46,40.57142857,42,,,49.28571429,,43,,39.71428571
9/4/24,48.57142857,39.71428571,33.57142857,42,32,36.57142857,46,41,,,,48,,43,,38.85714286
9/11/24,48.42857143,38.28571429,34,41.57142857,32.85714286,36,45.14285714,41,,,,47.42857143,,42,,39
9/18/24,46.28571429,36.28571429,33.42857143,40.14285714,32,35,43.42857143,40.85714286,,39,39,45.85714286,,41.42857143,,38.28571429
9/25/24,43.14285714,34.16666667,32,37.57142857,32,32.85714286,41.83333333,39.71428571,,38.83333333,38.66666667,43.5,,40,,36.71428571
10/2/24,42,33,32,35.5,31,32,39.42857143,38.85714286,,37.42857143,36.71428571,39.42857143,,37,,34.42857143
10/9/24,39.57142857,32.14285714,32,34.14285714,31,31.28571429,38.16666667,37.85714286,,36.2,35.66666667,36.8,,36,,33.57142857
10/16/24,37,32,32,34,31,31,37.14285714,36.71428571,,35.57142857,35,35.57142857,,34.66666667,,33
10/23/24,35.85714286,32,32,33.85714286,31,31,36,36,,35,34.28571429,34.14285714,,34,,33
10/30/24,35,32,32,33,31,31,36,35,,34,34,34,,34,,33
11/6/24,34,32,32,33,31,31,36,34.28571429,,34,34,33.28571429,,33.14285714,,33
11/13/24,34,32,32,33,31,31,35,34,,33.71428571,34,33,,33,,32
11/20/24,33.85714286,32,32,32.14285714,31,30,34.42857143,33.57142857,33,33,33.28571429,32.14285714,,32.28571429,,32
11/27/24,33,32,32,32,31,30,34,33,,33,33,32,,32,,32