# weekly air temperature (F) for snotel sites across Alaska calculated from average daily temperature,,,,,,,,,,,,,,,,
week_start,aniak,eagle_summit,galena,gobblers_knob,gulkana_river,imnaviat_creek,little_chena_ridge,mcgrath,monument_creek,mt_ryan,munson_ridge,nenana,teuchet_creek,tok,upper_chena,upper_nome_creek
4/1/15,29.17142857,18.91428571,,17,,14.34285714,28.71428571,,-5.857142857,-0.571428571,26.61428571,27.38571429,27.97142857,32.47142857,26.62857143,25.98571429
4/8/15,29.35714286,22.28571429,,24.48571429,,11.67142857,31.82857143,,-1,1.714285714,28.38571429,35.87142857,32.58571429,30.84285714,28.05714286,28.11428571
4/15/15,31.48571429,27.95714286,,30.78571429,,24.15714286,37.31428571,,-6,-1.857142857,33.32857143,41.57142857,37.68571429,36.04285714,33.02857143,34.01428571
4/22/15,40.91428571,30.07142857,,36.12857143,,26.68571429,39.45714286,,12,14.57142857,35.92857143,42.92857143,38.14285714,38.67142857,34.07142857,36.12857143
4/29/15,42.65714286,29.1,,37.7,,23.24285714,38.55714286,,6.285714286,8.285714286,36.28571429,42.61428571,38.55714286,41,34.75714286,36.61428571
5/6/15,47.4,41.58571429,,45.2,,36.85714286,48.64285714,,18,18.42857143,44.6,50.81428571,47.74285714,46.67142857,42.81428571,44
5/13/15,48.14285714,53.97142857,,54.48571429,,45.44285714,58.94285714,,19,18.28571429,55.18571429,58.77142857,55.94285714,57.81428571,52.75714286,53.72857143
5/20/15,51,55.32857143,,57.12857143,,49.55714286,60.52857143,,31.14285714,30,56.98571429,62.72857143,57.9,60.71428571,54.9,55.91428571
5/27/15,57.22857143,42.52857143,,49.01428571,,34.47142857,51.38571429,,33.85714286,34.14285714,48.34285714,55.82857143,50.82857143,55.68571429,47.62857143,48.3
6/3/15,49.85714286,40,,44.44285714,,36.85714286,48.42857143,,36.42857143,33.83333333,45.28571429,52.17142857,48.04285714,52.67142857,43.72857143,45.2
6/10/15,55.27142857,47.22857143,,51.28571429,,44.85714286,53.45714286,,39.66666667,,50.41428571,58.32857143,52.81428571,57.01428571,48.87142857,49.9
6/17/15,66.62857143,57.54285714,,67.02857143,,59.34285714,63.7,,39.5,,60.01428571,67.74285714,60.97142857,63.18571429,55.7,59.5
6/24/15,57.61428571,52.54285714,,58.61428571,,54.97142857,57.81428571,,34.28571429,,54.71428571,60.47142857,57.2,59.81428571,53.2,53.97142857
7/1/15,58.04285714,54.9,,60.37142857,,56.45714286,59.3,,42.66666667,45,55.97142857,64.48571429,58.81428571,62.6,54.91428571,57.07142857
7/8/15,59.14285714,50.31428571,,57.17142857,,47.81428571,55.78571429,,45.28571429,42.28571429,52.64285714,60.65714286,55.57142857,56.62857143,51.4,54.05714286
7/15/15,55.05714286,47.55714286,,54.27142857,,50.92857143,53.07142857,,50.85714286,47.85714286,49.92857143,59.17142857,54.4,57.57142857,49.71428571,51.11428571
7/22/15,53.95714286,50.47142857,,57.9,,45.17142857,56.68571429,,60.71428571,59.28571429,53.64285714,61.57142857,55.18571429,58.58571429,51.75714286,53.92857143
7/29/15,58.43333333,46.93333333,,53.33333333,,47.6,54.73333333,,48.42857143,45,51.91666667,58.48333333,55.16666667,56.78333333,50.8,49.61666667
8/5/15,51.9,45.625,,48.36,,38.625,53.55714286,,61.85714286,62.71428571,50.1,55.675,52.88571429,54.475,49.21428571,48.05
8/12/15,52.74285714,44.7,,48.52857143,,40.88571429,50.77142857,,53.28571429,52.57142857,47.17142857,54.82857143,49.92857143,53.24285714,46.85714286,48.02857143
8/19/15,51.71428571,40.95714286,,44.52857143,,40.1,46.45714286,,54.57142857,51.71428571,43.1,51.97142857,46.71428571,47.78571429,43.8,44.67142857
8/26/15,45.45714286,32.81428571,,36.75714286,,30.37142857,38.67142857,,55.14285714,52.71428571,35.31428571,44.64285714,40.08571429,41.45714286,36.12857143,36.77142857
9/2/15,50.73333333,40.9,,45.75,,38.51666667,49.1,,63,63.71428571,44.7,48.05,45.08571429,45.71666667,42.78571429,44.98333333
9/9/15,45.27142857,34.88571429,,36.17142857,,26.28571429,42.12857143,,60.14285714,59.85714286,38.61428571,44.05714286,41.11428571,51.25,37.85714286,38.42857143
9/16/15,36.82857143,25.02857143,,30.01428571,,16.91428571,34.42857143,,59,57,30.87142857,38.67142857,34.64285714,34.7,31.48571429,33.04285714
9/23/15,39.02857143,23.65714286,,25.62857143,,19.18571429,31.38571429,,55.57142857,54.14285714,28.47142857,35.68571429,33.15714286,35.12857143,29.47142857,29.64285714
9/30/15,44.55714286,18.7,,29.51428571,,27.12857143,33.1,,49.71428571,48.14285714,29.58571429,35.5,31.77142857,30.98571429,28.91428571,30.22857143
10/7/15,37.11428571,23.9,,25.62857143,,22.31428571,30.62857143,,47.42857143,45.14285714,28.42857143,29.84285714,27.17142857,31.4,27.77142857,29.28571429
10/14/15,35.05714286,25.15714286,,26.68571429,,16.95714286,33.95714286,,44.28571429,43.85714286,31.75714286,31.77142857,29.08571429,31.62857143,30.3,31.35714286
10/21/15,37,23,,24.08571429,,17.92857143,32.52857143,,38.16666667,35.85714286,29.3,27.64285714,26.4,28.34285714,27.14285714,29.75714286
10/28/15,29.42857143,11.85714286,,17.08571429,,10.07142857,20.51428571,,35.71428571,31.28571429,17.18571429,23.8,17.81428571,18.9,16.42857143,18.31428571
11/4/15,33.1,14.94285714,,19.62857143,,16.77142857,23.58571429,,39.14285714,39,20,26.6,19.74285714,15.91428571,18.2,20.38571429
11/11/15,10.48571429,-3.528571429,,0.485714286,,-8.128571429,1.5,,36.71428571,35.85714286,-2.428571429,-2.942857143,-7.114285714,-3.871428571,-3.5,-3.328571429
11/18/15,23.1,6.914285714,,4.485714286,,1.857142857,13.7,,32,23.71428571,10.81428571,12.04285714,11.95714286,-0.471428571,10.28571429,10.77142857
11/25/15,21.71428571,18.07142857,,18.44285714,,9.328571429,28.27142857,,,20.14285714,23.91428571,9.1,18.34285714,11.58571429,22.75714286,25.72857143
12/2/15,-3.742857143,-5.142857143,,-0.928571429,,-14.45714286,4.371428571,,,31.14285714,1.385714286,-6.985714286,-6.328571429,2.171428571,0.485714286,-1.6
12/9/15,8.7,6.071428571,,2.757142857,,-2.957142857,12.08571429,,,21.85714286,10.14285714,-4.471428571,-2.8,-5.828571429,5.871428571,6.971428571
12/16/15,10.65714286,4.928571429,,6.042857143,,-6.028571429,14.28571429,,,-5,10.32857143,3.071428571,4.385714286,-3.114285714,9.557142857,12.38571429
12/23/15,19.48571429,4.928571429,,3.485714286,,-0.5,13.52857143,,,4.857142857,11.18571429,-0.7,3.814285714,-11.95714286,8.885714286,8.485714286
12/30/15,37.41428571,25.32857143,,27.08571429,,24.95714286,34.74285714,,,-9.428571429,28.87142857,36.28571429,29.31428571,12.72857143,27.15714286,28.54285714
1/6/16,24.92857143,10.18571429,,15.48571429,,9.785714286,19.54285714,,,18.42857143,17.35714286,5.457142857,5.071428571,-5.042857143,16.08571429,17.12857143
1/13/16,8.2,-1.228571429,,6.071428571,,-6.414285714,8.6,,,29.14285714,5.642857143,3.285714286,-1.785714286,10.31428571,5.828571429,9.9
1/20/16,13.7,4.5,,6.957142857,,1.028571429,14.07142857,,,10,10.04285714,-0.714285714,1.6,4.557142857,8.3,12.15714286
1/27/16,30.12857143,16.5,,21.04285714,,19.17142857,24,,,-23.14285714,20.28571429,13.7,11.97142857,6.171428571,18,19.68571429
2/3/16,18.61428571,9.614285714,,9.628571429,,7.014285714,20.1,,,-17.71428571,17.5,1.157142857,-5.3,-1.771428571,14.22857143,15.12857143
2/10/16,13.85714286,14.11428571,,13.98571429,,13.18571429,23.81428571,,,4,21.12857143,5.028571429,18.15,4.328571429,19.11428571,19.58571429
2/17/16,19.54285714,10.28333333,,15.37142857,,14.4,20.3,,,0.285714286,16.32857143,13.12857143,11.68571429,2.585714286,15.54285714,18.88571429
2/24/16,32.34285714,22.4,,24.17142857,,23.31428571,32.47142857,,,-5.285714286,28.48571429,27.74285714,26.98571429,17.75714286,25.94285714,28.91428571
3/2/16,20.71428571,5.314285714,,10.8,,7.471428571,16.41428571,,-2.4,3.142857143,13.55714286,11.2,9.7,16.57142857,11.27142857,15.37142857
3/9/16,18.38571429,9.957142857,,9.642857143,,-9.171428571,20.8,,4.142857143,8.857142857,18.71428571,13.57142857,14.38571429,16.35714286,15.98571429,16.94285714
3/16/16,12.18571429,1.1,,7.371428571,,-3.485714286,13.08571429,,-5.428571429,-2,10.5,11.17142857,10.21428571,17.92857143,9.842857143,13.18571429
3/23/16,27.54285714,27.38571429,,21.44285714,,8.285714286,35.05714286,,-7.571428571,0.285714286,31.9,30.81428571,33.51428571,35.54285714,30.9,30.52857143
3/30/16,34.25714286,19.08571429,,16.7,,6.042857143,31.37142857,,13.57142857,20.28571429,31.44285714,28.28571429,31.3,39.81428571,29.74285714,30.85714286
4/6/16,39.34285714,25.7,,25.51428571,,25.62857143,36.81428571,,12.71428571,17.85714286,34.3,32.28571429,35.52857143,40.08571429,32.41428571,33.32857143
4/13/16,40.04285714,20,,24.81428571,,13.24285714,33.42857143,,14,11.71428571,31.32857143,33.62857143,32.57142857,37.4,29.94285714,31.9
4/20/16,48.25714286,31.88571429,,36.24285714,,29.85714286,43.14285714,,14.71428571,15.28571429,40.25714286,42.95714286,41.71428571,44.11428571,38.78571429,40.85714286
4/27/16,45.78571429,36.07142857,,42.68571429,,29.65714286,43.51428571,,23,23.71428571,39.14285714,48.35714286,42.45714286,41.62857143,37.88571429,40.24285714
5/4/16,47.45714286,37.75714286,,43.78571429,,33.4,45.74285714,,17.28571429,22.71428571,42.2,48.8,45.17142857,45.92857143,40.74285714,41.54285714
5/11/16,54.11428571,43.18571429,,46.42857143,,33.34285714,51.9,,23,22.14285714,48.58571429,54.18571429,51.57142857,55.28571429,46.95714286,48.78571429
5/18/16,43.97142857,39.4,,41.72857143,,39.05714286,46.67142857,,24.71428571,22.85714286,43.7,51.41428571,47.54285714,50.31428571,43.3,44.47142857
5/25/16,58.02857143,41.68571429,,50.14285714,,41.87142857,49.31428571,,27.5,24.14285714,45.82857143,55.12857143,47.97142857,51.17142857,45.12857143,46.7
6/1/16,55.81428571,39.35714286,,44.88571429,,30.41428571,48.78571429,,27.57142857,28.85714286,46.25714286,52.7,49.97142857,54.02857143,45.38571429,45.45714286
6/8/16,53.65714286,44.91428571,,48.77142857,,37.85714286,49.57142857,,34.66666667,32.85714286,47.38571429,55.54285714,51.75714286,55.24285714,47.47142857,47.34285714
6/15/16,55.41428571,51.625,,54,,47.22857143,56.81428571,,42.57142857,42.14285714,54.18571429,62.07142857,57.92857143,62.8,53.32857143,53.42857143
6/22/16,60.24285714,51.24285714,,59.27142857,,51.35714286,57.11428571,,44.28571429,41.57142857,54.22857143,63.31428571,56.74285714,59.94285714,52.22857143,54.61428571
6/29/16,58.71428571,51.37142857,,60.47142857,,57.25714286,57.05714286,,48.85714286,46.42857143,53.84285714,61.21428571,57.27142857,60.34285714,53.8,55.01428571
7/6/16,57.24285714,54.3,,58.12857143,,55.3,59.21428571,,52.42857143,48.85714286,55.12857143,63.3,58.31428571,62.01428571,54.51428571,55.87142857
7/13/16,61.94285714,54.95714286,,60.11428571,,51.82857143,59.7,,50,48.71428571,56.45714286,65.07142857,59.24285714,61.82857143,55.08571429,57.08571429
7/20/16,55.81428571,46.35714286,,53.45714286,,45.47142857,52.5,,58.28571429,60.14285714,49.08571429,57.61428571,52.38571429,55.94285714,49.11428571,50.84285714
7/27/16,57.45714286,48.61428571,,50.3,,44.02857143,54.02857143,,60,61.28571429,51.41428571,59.45714286,55.2,61.31428571,51.52857143,51.14285714
8/3/16,57.41428571,49.58571429,,52,,46,56.2,,65.85714286,67.57142857,53.2,60.24285714,56.84285714,60.63333333,53.1,53.71428571
8/10/16,57.9,51.25714286,,54.84285714,,45.14285714,57.24285714,,60.85714286,60.85714286,53.1,60.27142857,55.11428571,53.25,51.88571429,53.1
8/17/16,56.42857143,48.07142857,,50.38571429,,45.64285714,53.87142857,,56.71428571,56.71428571,50.81428571,58.68571429,54.37142857,55.21428571,50.2,50.04285714
8/24/16,57.97142857,46.34285714,,53.32857143,,48.77142857,53.64285714,,59.28571429,58.57142857,49.65714286,57.08571429,52.01428571,53.71428571,48.57142857,50.84285714
8/31/16,53.75714286,40.52857143,,48.17142857,,33.72857143,49.1,,57.42857143,55.28571429,45.4,49.62857143,45.22857143,49,43.7,45.7
9/7/16,46.41428571,37.18571429,,40.57142857,,30.87142857,45.11428571,,56.85714286,54.14285714,41.31428571,46.01428571,42.64285714,46.18571429,40.41428571,40.04285714
9/14/16,47.1,34.11428571,,32.84285714,,26.27142857,43.02857143,,52.14285714,49.71428571,40.21428571,44.31428571,42.61428571,45.35714286,39.75714286,39.15714286
9/21/16,39.95714286,32.55714286,,33.48571429,,27.47142857,39.78571429,,56.71428571,55.42857143,36.05714286,42,40.17142857,40.28571429,37,36.77142857
9/28/16,44.48571429,28.58571429,,33.61428571,,32.98571429,37.6,,42,39.28571429,33.62857143,38.8,33.97142857,31.62857143,32.07142857,33.3
10/5/16,48.12857143,32.28571429,,33.78571429,,34.64285714,40.25714286,,50.42857143,49.42857143,35.75714286,31.12857143,29.12857143,25.45714286,31.48571429,34.15714286
10/12/16,31.15714286,11.95714286,,24.74285714,,18.92857143,24.64285714,,49.71428571,48,19.71428571,24.32857143,18.71428571,17.25714286,19.81428571,25.48571429
10/19/16,24.75714286,4.371428571,,15.85714286,,19,22.61428571,,44.14285714,42.85714286,18.42857143,13.12857143,11.58571429,8.728571429,15.21428571,16.32857143
10/26/16,36.88571429,24.45,,27.55714286,,31.7,33.37142857,,38.42857143,36.28571429,29,25.15714286,21.58571429,11.98571429,24.28571429,26.6
11/2/16,23.98571429,14.04285714,,14.34285714,,5.414285714,21.65714286,,22,19.85714286,19.32857143,13.75714286,11.94285714,13.77142857,17.54285714,19.18571429
11/9/16,19.55714286,25.48571429,,22.35714286,,12.7,32.27142857,,21.28571429,20,28.12857143,15.15714286,19.82857143,7.142857143,23.97142857,26.67142857
11/16/16,-6.185714286,5.785714286,,9.942857143,,9.9,14.14285714,,9.714285714,8,10.01428571,-2.685714286,-1.071428571,13.675,8.671428571,7.057142857
11/23/16,-3.828571429,-9.6,,-7.657142857,,-14.98571429,-1.642857143,,14.28571429,13.42857143,-3.485714286,-9.785714286,-10,,-3.985714286,-7.128571429
11/30/16,-20.41428571,-12.3,,-8.814285714,,-7.171428571,-7.042857143,,17.57142857,16.42857143,-9.757142857,-19.15714286,-15.78571429,,-8.228571429,-4.142857143
12/7/16,-3.357142857,2.728571429,,10.62857143,,14.61428571,9.528571429,,16.16666667,19.71428571,5.714285714,-16.77142857,-22.75,,4.9,9.085714286
12/14/16,23.04285714,14.72857143,,11.4,,13.65714286,19.11428571,,0.142857143,0,18,0.814285714,,,15.28571429,16.32857143
12/21/16,20.37142857,4.842857143,,4.642857143,,-5.471428571,11.75714286,,17.6,18.57142857,9.585714286,3.671428571,,,8.371428571,8.271428571
12/28/16,30.75714286,13.62857143,,16.84285714,,14.94285714,20.62857143,,,-5.714285714,19.27142857,17.72857143,,,16.94285714,15.41428571
1/4/17,1.9,7.642857143,,3.471428571,,13.17142857,10.47142857,,,12.25,10.12857143,-9.785714286,,,6.571428571,1.4
1/11/17,-14.2,-13.22857143,,-12,,-22.52857143,-6.671428571,,,-0.333333333,-8.114285714,-11.45714286,,,-6.8,-9.142857143
1/18/17,-20.22857143,-7.071428571,,-14.07142857,,-14.6,-4.428571429,,,2.285714286,-5.971428571,-26.9,-7.92,,-7.814285714,-8.914285714
1/25/17,23.42857143,16.82857143,,18.35714286,,19.28571429,24.91428571,,,3.571428571,20.11428571,15.45714286,15.07142857,,17.28571429,19.58571429
2/1/17,-3.885714286,18.6,,18.45714286,,18.2,23.72857143,,-22,-0.714285714,21.01428571,-8.514285714,5.585714286,,15.74285714,13.95714286
2/8/17,-4.728571429,-2,,-6.785714286,,-16,4.142857143,,-6.142857143,4.285714286,2.6,-7.442857143,-2.128571429,,2.357142857,1.271428571
2/15/17,-6.657142857,8.842857143,,-1.114285714,,-10.08571429,13.7,,-8.285714286,0.857142857,10.32857143,1.457142857,7.342857143,,8.4,9.071428571
2/22/17,24.88571429,8.4,,9.442857143,,1.714285714,16.74285714,,4.285714286,15,15.18571429,19.95714286,13.15,,15.32857143,15.85714286
3/1/17,-0.685714286,-12.98571429,,-11.61428571,,-11.84285714,-5.728571429,,-5.857142857,-1.142857143,-10.45714286,-10.34285714,-12.1,,-12.94285714,-14.34285714
3/8/17,6.642857143,-2.616666667,,0.185714286,,3.314285714,4.528571429,,-10.66666667,-11,-0.385714286,-1.814285714,-2.2,,-1.314285714,-0.428571429
3/15/17,0.985714286,,,-1.157142857,,-3.028571429,-0.971428571,,,0.285714286,-4.785714286,-8.228571429,-5.928571429,,-4.785714286,-2.828571429
3/22/17,10.32857143,1.6,,7.5,,3.371428571,11.45714286,,,14.14285714,7.685714286,5.442857143,5.814285714,,6.914285714,9.3
3/29/17,24.54285714,23.24285714,,21.92857143,,8.885714286,31.32857143,,-4.333333333,3.142857143,29.18571429,30.95714286,35.9,,29.15714286,28.78571429
4/5/17,35.22857143,18.15714286,,21.21428571,,20.5,29.27142857,,9.857142857,15.85714286,26.75714286,28.82857143,34.8,,25.05714286,27.5
4/12/17,38.61428571,17.97142857,,24.85714286,,20.5,28.42857143,,14.14285714,24.28571429,25.65714286,32.95714286,25.95714286,,24.02857143,26.97142857
4/19/17,42.54285714,21.24285714,,25.68571429,,16.94285714,32.48571429,,14.42857143,17.57142857,30.74285714,35.98571429,30.82857143,,28.6,31.82857143
4/26/17,42.27142857,30.41428571,,32.92857143,,25.2,40,,0.142857143,2.714285714,37.4,40.65714286,39.44285714,,36.21428571,37.58571429
5/3/17,45.94285714,38.47142857,,42.55714286,,29.5,45.07142857,,6.428571429,10,41.77142857,50.2,44.05714286,,40.62857143,42.17142857
5/10/17,49.28571429,40.64285714,,46.04285714,,32.54285714,48.85714286,,29.14285714,29.28571429,44.9,50.91428571,47.32857143,,43.14285714,45.94285714
5/17/17,47.68571429,41.52857143,,46.5,,34.12857143,48.05714286,,22,19.85714286,44.01428571,51.85714286,47.52857143,,43.52857143,44.52857143
5/24/17,44,38.67142857,,40.62857143,,37.82857143,44.42857143,,36.42857143,36,41.32857143,48.92857143,45.4,,41.78571429,41.25714286
5/31/17,60.64285714,46.95714286,,55.07142857,,39.97142857,54.94285714,,36.28571429,35.42857143,51.68571429,58.85714286,52.74285714,,50.05714286,52.54285714
6/7/17,56.54285714,47.85714286,,55.22857143,,41.68571429,56.27142857,,37.14285714,36,53.24285714,60,57.34285714,,53.45714286,55.42857143
6/14/17,54.9,48.5,,53.94285714,,48.41428571,54.18571429,,43.42857143,43.85714286,50.6,57.55714286,52.3,,49.18571429,50.75714286
6/21/17,55.1,53.47142857,,57.45714286,,52,58.82857143,,43.85714286,41.71428571,55.42857143,62.92857143,57.18571429,,53.05714286,54.14285714
6/28/17,56.64285714,55.64285714,,61.17142857,,56.18571429,59.77142857,,50,47.85714286,55.77142857,62.68571429,59.31428571,,54.4,56.9
7/5/17,58.54285714,57.78571429,,61.5,,56.12857143,60.92857143,,53.42857143,51.85714286,56.84285714,64.6,59.6,,56.77142857,58.84285714
7/12/17,59.05714286,57.7,,65.42857143,,59.01428571,61.6,,52.71428571,51.71428571,58.12857143,66.28571429,61.21428571,,57.55714286,58.77142857
7/19/17,60.88571429,53.5,,57.04285714,,48.98571429,58.82857143,,50,49.14285714,55.35714286,64.12857143,59.24285714,,54.85714286,55.31428571
7/26/17,57.52857143,54.05714286,,57.78571429,,54.44285714,59.58571429,,53.14285714,51.85714286,55.35714286,62.92857143,57.85714286,,53.08571429,54.88571429
8/2/17,61.15714286,54.04285714,,56.61428571,,53.95714286,59.55714286,,52,51.42857143,56.81428571,62.88571429,58.98571429,,55.27142857,55.42857143
8/9/17,55.8,50.67142857,,51.94285714,,42.94285714,55.82857143,,52,49.28571429,52.24285714,58.6,54.92857143,52.7,52.1,52.47142857
8/16/17,47.92857143,42.15714286,,45.08571429,,42.25714286,47.88571429,,55.71428571,55.57142857,45.15714286,51.15714286,47.64285714,48.75714286,44.32857143,45.52857143
8/23/17,52.08571429,42.98571429,,42.92857143,,31.1,50.15714286,,63.42857143,64.71428571,46.97142857,52.18571429,49.77142857,51,47.11428571,47.88571429
8/30/17,46.54285714,42.4,,43.27142857,,35.31428571,50.18571429,,63,64.14285714,46.15714286,48.77142857,47.32857143,46.78571429,45.25714286,46.24285714
9/6/17,48.21428571,40.78571429,,43.57142857,,36.38571429,48.34285714,,56.14285714,56,44.02857143,49.82857143,46.87142857,44.61428571,43.7,44.48571429
9/13/17,46.8,42.78571429,,45.15714286,,41.7,49.35714286,,53.85714286,54.42857143,44.88571429,50.27142857,46.05714286,45.14285714,43.97142857,44.6
9/20/17,43.98571429,31.2,,36.98571429,,23.14285714,40.28571429,,51.57142857,46.57142857,37.5,42.22857143,40.14285714,41.48571429,38.25714286,39.25714286
9/27/17,40.35714286,30.07142857,,33.04285714,,29.35714286,37.82857143,,57.28571429,57.57142857,34.81428571,41.64285714,37.04285714,37.62857143,34.35714286,35.48571429
10/4/17,41.38571429,30.85714286,,32.77142857,,25.84285714,38.14285714,,48.57142857,46.28571429,35.05714286,40.94285714,38.15714286,35.51428571,35.07142857,35.84285714
10/11/17,37.72857143,20.88571429,,24.54285714,,18.64285714,28.43333333,,43.57142857,41.28571429,27.05,34.87142857,29.45,28.3,25.21428571,26.21428571
10/18/17,24.82857143,9.228571429,,10.05714286,,7.785714286,17.51428571,,34.14285714,30.57142857,19.35,14.88571429,12.35714286,14.51428571,12.52857143,10.92857143
10/25/17,38.91428571,25.8,,25.37142857,,23.24285714,33.94285714,,39.85714286,38.14285714,30.5,32.9,33.37142857,29.65714286,30.52857143,30.14285714
11/1/17,29.01428571,16.44285714,,17.37142857,,24.78571429,22.42857143,,39.71428571,38.85714286,20.22857143,27.31428571,20.22857143,19.07142857,19.65714286,17.31428571
11/8/17,27.32857143,8.014285714,,12.45714286,,13.57142857,15.74285714,,28.28571429,29.71428571,13.9,20.35714286,16.41428571,6.3,12,12.27142857
11/15/17,22.24285714,-2.014285714,,3.657142857,,4.857142857,5.4,,21.85714286,20.71428571,-3.5,0.042857143,-4.7,-7.471428571,0.357142857,2.371428571
11/22/17,11.61428571,1.185714286,,2.471428571,,5.557142857,7.671428571,,12.71428571,11.57142857,4.814285714,-1.342857143,-4.014285714,-16.47142857,3.657142857,5.457142857
11/29/17,22.15714286,14.17142857,,16.41428571,,10.25714286,25.54285714,,14,11.28571429,22.35714286,11.17142857,30.1,-5.1,20.54285714,20.77142857
12/6/17,21.72857143,24.64285714,,23.9,,12.4,33.34285714,,6.428571429,6,28.98571429,24.11428571,26.55714286,19.48571429,28.54285714,29.45714286
12/13/17,25.21428571,17.51428571,,20.8,,13.02857143,27.18571429,,2.428571429,5.285714286,23.6,25.91428571,22.5,9.071428571,22.42857143,24.41428571
12/20/17,33.74285714,20.14285714,,22.04285714,,26.61428571,27.62857143,,12.85714286,9.571428571,23.52857143,18.41428571,12.6,-19.65714286,18.41428571,18.72857143
12/27/17,13.88571429,10.64285714,,6.057142857,,3.8,14.08571429,,19,18.42857143,11.55714286,-0.714285714,1.014285714,-22.02857143,9.228571429,9.228571429
1/3/18,16.07142857,4.6,,10.38571429,,9.328571429,13.94285714,,12,15.42857143,9.771428571,-2.971428571,-2.257142857,-7.814285714,8.771428571,13.1
1/10/18,19.02857143,15.5,,12.21428571,,14.62857143,22.57142857,,-6.428571429,-3.857142857,18.94285714,8.1,9.957142857,-8.642857143,17.44285714,22.84285714
1/17/18,-1.885714286,0.8,,-8.571428571,,-12.41428571,3.042857143,,-9.285714286,-10.28571429,1.557142857,1.771428571,2.842857143,-0.957142857,2.185714286,1.328571429
1/24/18,-9.614285714,-11.92857143,,-8.942857143,,-12.28571429,-6.242857143,,-7.714285714,-5.571428571,-9.742857143,-27.38571429,-12.52857143,-15.85714286,-8.185714286,-8.114285714
1/31/18,-0.314285714,3.114285714,,6.571428571,,6.585714286,9.957142857,,10.42857143,8.142857143,5.728571429,-12.74285714,-11.55714286,-31.47142857,3.471428571,7.542857143
2/7/18,26.48571429,18.45714286,,17.2,,20.75714286,22.37142857,,0,5.857142857,20.34285714,4.4,7.371428571,-15.84285714,16.41428571,16.9
2/14/18,30.14285714,12.88571429,,14.88571429,,19.34285714,20.08571429,,0.714285714,2.285714286,17.88571429,25.07142857,18.74285714,13.25714286,17.3,16.75714286
2/21/18,20.12857143,4.257142857,,4.128571429,,1.028571429,11.81428571,,-16.28571429,-12,,16.25714286,13.58571429,6.9,9.742857143,9.042857143
2/28/18,22.25714286,3.271428571,,5.771428571,,9.485714286,9.585714286,,5.857142857,3.714285714,12.78,13.11428571,6.785714286,2.071428571,5.628571429,5.528571429
3/7/18,20.35714286,13.64285714,,16.21428571,,9.428571429,24.21428571,,2.833333333,4.857142857,19.22857143,19.42857143,20.15714286,17.12857143,18.21428571,19.61428571
3/14/18,23.01428571,17.82857143,,10.92857143,,6.871428571,24.7,,-15.57142857,-7.428571429,22.71428571,25.24285714,25.05714286,23.47142857,22.97142857,22.87142857
3/21/18,28.22857143,5.514285714,,10.4,,14.47142857,16.67142857,,6.857142857,7.285714286,12.35714286,18.12857143,10.87142857,5.242857143,10.27142857,13.5
3/28/18,26.22857143,8.985714286,,16.68571429,,10.7,21.25714286,,-22,-14.57142857,17.05714286,22.87142857,19.81428571,18.4,14.91428571,15.62857143
4/4/18,24.6,11.72857143,,16.85714286,,12.61428571,24.42857143,,-11.85714286,-13.14285714,22.18571429,25.34285714,22.2,23.07142857,20.64285714,23.65714286
4/11/18,37.3,17.98571429,,22.61428571,,13.91428571,29.22857143,,-12.66666667,-6,27.04285714,31.84285714,28.81428571,30.77142857,25.12857143,28.25714286
4/18/18,38.77142857,16.17142857,,19.18571429,,10.52857143,27.97142857,,-1.142857143,3.857142857,25.54285714,29.58571429,27.92857143,35.82857143,24.77142857,27.51428571
4/25/18,36.58571429,27.55714286,,31.8,,27.62857143,35.71428571,,30,28.85714286,32.34285714,40.94285714,37.6,37.35714286,31.9,33.05714286
5/2/18,38.05714286,28.61428571,,30.05714286,,21.31428571,37,,21,22.57142857,33.65714286,43.01428571,39.11428571,40.12857143,33.98571429,33.88571429
5/9/18,42.47142857,39.27142857,,42.05714286,,36.34285714,46.2,,21,26.42857143,41.64285714,50.48571429,45.57142857,46.05714286,41.21428571,42.67142857
5/16/18,48.77142857,40.04285714,,41.07142857,,30.18571429,47.28571429,,22.28571429,21.28571429,43.25714286,51.64285714,47.95714286,49.17142857,42.9,44.02857143
5/23/18,47.14285714,39.45714286,,48.2,,36.98571429,47.77142857,,28.85714286,27.57142857,43.91428571,52.1,46.71428571,45.94285714,42.57142857,44.71428571
5/30/18,52.67142857,46.01428571,,51.55714286,,45.02857143,52.42857143,,21.42857143,22.14285714,48.44285714,56.32857143,48.6,51.58571429,47.22857143,49.41428571
6/6/18,54.2,42.54285714,,49.9,,29.57142857,49.18571429,,27.42857143,25.14285714,45.1,54.27142857,47.82857143,49.07142857,44.68571429,47.57142857
6/13/18,53.88571429,45.17142857,,45.81428571,,35.47142857,51.62857143,,39,40.57142857,49.15714286,55.94285714,52.6,57.24285714,48.51428571,47.78571429
6/20/18,53.67142857,52.75714286,,55.98571429,,47.15714286,58,,44.14285714,45.28571429,55.22857143,61.42857143,57.6,58.74285714,53.88571429,55.41428571
6/27/18,58.14285714,50.14285714,,57.02857143,,53.41428571,55.82857143,,48.28571429,48.42857143,53.21428571,62.31428571,55.62857143,57.77142857,51.87142857,52.81428571
7/4/18,56.62857143,52.64285714,,55.77142857,,46.68571429,58.4,,45.85714286,43.71428571,55.28571429,62.92857143,59.3,62.4,54.44285714,54.74285714
7/11/18,51.87142857,47.07142857,,52.82857143,,47.7,51.75714286,,42.71428571,40.28571429,48.38571429,57.6,52.51428571,53.58571429,47.98571429,49.44285714
7/18/18,61.2,57.74285714,,59.22857143,,52.87142857,62.85714286,,49.14285714,46.42857143,59.62857143,66.58571429,61.14285714,65.11428571,56.72857143,57.58571429
7/25/18,60.95714286,59.21428571,,62.42857143,,55.92857143,64.11428571,,61.42857143,60.42857143,60.21428571,67.27142857,61.67142857,67.12857143,57.68571429,57.8
8/1/18,55.94285714,48.21428571,,49.81428571,,41.01428571,53.31428571,,55.14285714,53,50.35714286,58.37142857,54.47142857,58.7,51.08571429,51.31428571
8/8/18,52.68571429,43.68571429,,47.54285714,,35.7,51.11428571,,58.2,58,47.2,54.62857143,50.5,53.98571429,46.55714286,47.14285714
8/15/18,53.51428571,44.02857143,54.85,47.57142857,,44.04285714,50.28571429,,58.28571429,59.42857143,47.44285714,55.71428571,51.55714286,52.97142857,47.25714286,47.77142857
8/22/18,52.34285714,39.67142857,52.12857143,44.41428571,,40.15714286,46.44285714,,52.57142857,52,43.21428571,51.61428571,46.8,49.22857143,42.88571429,44.34285714
8/29/18,48.68571429,36.22857143,48.27142857,40.17142857,,34.48571429,42.25714286,,57.71428571,57.85714286,39.71428571,48.57142857,44.44285714,45.6,40.38571429,40.67142857
9/5/18,48.61428571,38.8,47.57142857,45.2,,40.51428571,45.82857143,,61.14285714,59.57142857,42.1,45.1,42.87142857,43.84285714,40.95714286,42.24285714
9/12/18,50.6,39.51428571,50.02857143,44.95714286,,42.47142857,47.21428571,,57.57142857,58.42857143,43.37142857,48.62857143,44.35714286,41.55714286,41.81428571,44.2
9/19/18,48.17142857,35.05714286,44.4,35.75714286,,27.88571429,41.95714286,,52.57142857,51.85714286,39.24285714,47.04285714,42.85714286,41.75714286,39.77142857,39.81428571
9/26/18,51.64285714,36.1,44.92857143,39.48571429,33.03333333,38.51428571,44.15714286,,50.28571429,49.14285714,39.82857143,41.6,36.97142857,33.48571429,37.38571429,41.55714286
10/3/18,47.44285714,24.82857143,41.14285714,32.01428571,36.22857143,34.8,36.68571429,,42.42857143,40,33.11428571,34.64285714,28.05714286,28.94285714,29.77142857,31.97142857
10/10/18,44.28571429,29.98571429,37.58571429,30.98571429,37.18571429,25.58571429,38.68571429,,45.57142857,42.85714286,35.32857143,37.64285714,35.72857143,30.98571429,34.25714286,36.71428571
10/17/18,39.04285714,30.54285714,34.77142857,32.94285714,37.77142857,25.71428571,39.12857143,,45.71428571,42.85714286,34.61428571,34.32857143,33.08571429,33.07142857,32.72857143,34.52857143
10/24/18,29.74285714,21.32857143,24.48571429,21.24285714,28.47142857,13.07142857,29.48,,41.42857143,38.14285714,24.8,24.97142857,26.78,22.17142857,24.68,24.75714286
10/31/18,21.61428571,18.78571429,10.94285714,16.77142857,-4.742857143,21.67142857,23.91428571,,35,34,19.52857143,5.3,3.942857143,-7.885714286,14.6,16.58571429
11/7/18,26.88571429,10.52857143,20.21428571,15.38571429,18.47142857,9.671428571,18.2,,36.57142857,39.57142857,16.21428571,16.34285714,14.07142857,7.185714286,14.38571429,17.55714286
11/14/18,26.51428571,20.17142857,18.51428571,16.95714286,14.47142857,20.05714286,24.25714286,,33.14285714,31.71428571,21.17142857,9.971428571,12.54285714,11.68571429,18.85714286,21.38571429
11/21/18,16.05714286,14.18571429,11.15714286,12.98571429,11.52857143,-6.028571429,21.52857143,,0.285714286,0,19.81428571,11.41428571,11.84285714,6.928571429,17.04285714,18.28571429
11/28/18,27.21428571,17.34285714,21.07142857,19.07142857,10.87142857,16.65714286,23.88571429,,14.71428571,11.85714286,20.42857143,21,17.31428571,2.785714286,17.17142857,18.18571429
12/5/18,22.8,16.88571429,16.77142857,14.87142857,16.42857143,-4.957142857,24.22857143,,10.42857143,10,21.41428571,15.01428571,16.64285714,4.414285714,19.44285714,21.84285714
12/12/18,-8.657142857,4.371428571,-6.428571429,-0.842857143,-1.3,-12.35714286,5.042857143,,-4.714285714,-0.285714286,4.885714286,-10.62857143,0.114285714,-3.585714286,3.285714286,3.085714286
12/19/18,-9.228571429,-0.071428571,-15.98571429,1.242857143,-11.1,-11.31428571,5.8,,3.142857143,4.428571429,2.285714286,-15.71428571,-7.8,-12.8,0.914285714,2.971428571
12/26/18,12.2,12.82857143,7.928571429,10.1,6.942857143,9.371428571,19.2,,-1.857142857,-0.571428571,16.2,8.985714286,10.77142857,-5.957142857,14.05714286,14.71428571
1/2/19,1.742857143,-4.342857143,-12.98571429,-3.328571429,-15.57142857,-5.742857143,2.585714286,,-3,-4,-0.314285714,-22.77142857,-12.47142857,-28.81428571,-3.714285714,-6.642857143
1/9/19,-0.857142857,-4.2,-17.27142857,-4.157142857,-17.11428571,-9.642857143,2.257142857,,-3,3.142857143,0.342857143,-18.57142857,-10.31428571,-30.97142857,-1.728571429,-1.642857143
1/16/19,4.6,-2.614285714,-1.628571429,0.2,-9.957142857,1.8,5.828571429,,-11.14285714,-4.571428571,3.314285714,-6.942857143,-8.457142857,-2.057142857,3.014285714,1.257142857
1/23/19,34,20.92857143,25.68571429,21.75714286,15.15714286,18.81428571,29.64285714,,-17.71428571,-17,25.34285714,19.98571429,22.98571429,2.771428571,23.2,25.84285714
1/30/19,23.04285714,2.642857143,7.414285714,6.6,1.442857143,7.071428571,9.7,,-11.28571429,-0.285714286,7.057142857,7.114285714,-0.9,-12.35714286,4.742857143,8.8
2/6/19,32.81428571,17.35714286,27.04285714,20.02857143,4.471428571,20.01428571,24.58571429,,14,21.42857143,21.72857143,26.12857143,18.52857143,1.085714286,19.97142857,20.42857143
2/13/19,18.42857143,5.442857143,7.285714286,4.371428571,5.257142857,2.857142857,12.01428571,,4,15.71428571,8.614285714,7.228571429,7.8,3.585714286,8.1,9.471428571
2/20/19,31.7,13.37142857,19.4,16.4,2.157142857,20.07142857,18.84285714,,-3.333333333,6.571428571,15.77142857,10.17142857,6.2,-3.357142857,11.07142857,10.75714286
2/27/19,33.64285714,18.7,24.44285714,18.44285714,3.785714286,23.5,25.37142857,,0,8.857142857,21.58571429,12.61428571,15.88571429,2.4,18.48571429,18.67142857
3/6/19,32.27142857,21.21428571,31.31428571,21.04285714,22.25714286,8.571428571,30.7,,3.4,12.14285714,26.9,32.8,28.91428571,17.65714286,25.07142857,26.1
3/13/19,23.41428571,23.84285714,23.32857143,21.35714286,31.94285714,16.98571429,34.41428571,,-9.166666667,-10.85714286,30.24285714,31.15714286,33.87142857,27.32857143,30.67142857,29.98571429
3/20/19,35.84285714,28.7,31.57142857,25.75714286,37.15714286,21.05714286,38.65714286,,-6.142857143,0.714285714,36.35714286,32.77142857,37.04285714,34.92857143,36.05714286,36.2
3/27/19,35.5,26.16666667,36.61428571,27.95714286,34.37142857,23,35.08571429,,8.857142857,11,32.42857143,34.68571429,33.82857143,34.9,30.11428571,28.28571429
4/3/19,32.18571429,14.82857143,27.65714286,17.94285714,31.71428571,6.2,27.02857143,,10.28571429,14.14285714,24.38571429,28.02857143,26.01428571,28.01428571,23.44285714,25.44285714
4/10/19,35.92857143,27.61428571,33.34285714,27.52857143,34.27142857,21.48571429,37.12857143,,-5,6.428571429,33.55714286,37.97142857,37.71428571,35.97142857,33.42857143,33.38571429
4/17/19,23.9,24.62857143,28.07142857,25.77142857,35.77142857,8.542857143,31.5,,16.71428571,16.85714286,28.38571429,34.54285714,34.45714286,33.45714286,30.72857143,30.65714286
4/24/19,39.45714286,30.01428571,40.54285714,31.65714286,37,27.91428571,38.94285714,,-3.428571429,2.285714286,35.52857143,40.75714286,36.72857143,36.14285714,32.2,32.88571429
5/1/19,42.74285714,25.37142857,41.64285714,29.01428571,42.12857143,23.95714286,37.11428571,,15.28571429,12,36.27142857,41.1,38.48571429,42.35714286,34.44285714,34.4
5/8/19,45.68571429,39.14285714,46.15714286,39.68571429,44.05714286,35.07142857,46.55714286,,13.42857143,17.71428571,43.11428571,50.24285714,47.44285714,48.4,43.55714286,43.38571429
5/15/19,48.52857143,45.48571429,51.57142857,47.25714286,46.92857143,45.2,52.95714286,,14.57142857,13.85714286,49.1,54.11428571,50.61428571,51.48571429,48.38571429,49.98571429
5/22/19,52,50.02857143,55.14285714,53.7,52.25714286,47.94285714,55.32857143,,32.71428571,34.71428571,52.12857143,57.84285714,54.95714286,58.84285714,51.38571429,51.88571429
5/29/19,54.92857143,46.15714286,57.02857143,54.65714286,49.28571429,46.31428571,52.9,,46.14285714,42.85714286,48.7,56.1,51.41428571,50.94285714,47.27142857,50.4
6/5/19,56.05714286,49.52857143,58.9,54.78571429,52.85714286,46.91428571,54.6,,37.71428571,36.42857143,50.42857143,56.5,52.47142857,53.45714286,48.87142857,50.38571429
6/12/19,59.6,51.42857143,63.05714286,56.07142857,55.37142857,40.65714286,58.25714286,,43.57142857,42.28571429,54.71428571,62.42857143,57.57142857,57.02857143,53.84285714,55.2
6/19/19,59.72857143,57.65714286,63.48571429,62,63.97142857,50.85714286,61.62857143,,42.83333333,39.42857143,58.35714286,65.18571429,61.42857143,64.6,56.55714286,58.02857143
6/26/19,61.68571429,56.71428571,65.28571429,60.25714286,68.55714286,53.4,61.84285714,,46.28571429,43.85714286,58.84285714,64.95714286,61.21428571,65.98571429,57.11428571,57.77142857
7/3/19,68.41428571,58.94285714,68.2,64.71428571,72.67142857,58.42857143,63.8,,49.83333333,49.42857143,60.48571429,66.11428571,63.31428571,67.04285714,59.31428571,60.31428571
7/10/19,63.42857143,56.3,67.01428571,64.42857143,61.07142857,55.97142857,61.24285714,,53.71428571,55.28571429,57.94285714,65.52857143,60.41428571,61.61428571,55.84285714,57.35714286
7/17/19,58.8,55.07142857,62.38571429,57.8,64.05714286,52.3,59.9,,50.28571429,50.28571429,56.62857143,64.45714286,59.11428571,63.75714286,55.52857143,55.04
7/24/19,54.88571429,51.62857143,58.28571429,56.31428571,53.91428571,54.54285714,55.71428571,,53.57142857,53,52.35714286,61.1,56.88571429,56.62857143,52.97142857,53.64285714
7/31/19,59.1,48.25714286,56.81428571,50.1,60.94285714,44.4,53.27142857,,55.57142857,55,50.52857143,59.15714286,55.62857143,60.98571429,51.34285714,51.15714286
8/7/19,60.11428571,48.35714286,57.61428571,52.65714286,59.38571429,45.08571429,54.8,,52.42857143,49.85714286,51.9,58.8,54.5,55.42857143,50.825,50.71428571
8/14/19,54.58571429,39.65714286,51.64285714,46.3,52.01428571,36.37142857,46.9,,53.71428571,52.57142857,43.1,51.28571429,47.28571429,48.24285714,43.11428571,45.37142857
8/21/19,50.36,39.01428571,50.65714286,44.85714286,47.52857143,36.05714286,46.67142857,,56,54.85714286,43.18571429,49.87142857,45.04285714,46.57142857,41.44285714,41.78571429
8/28/19,53.77142857,42.82857143,53.41428571,46.85714286,49.97142857,42.4,51.01428571,,51.28571429,50.42857143,47.58571429,52.95714286,49.08571429,50.7,46.32857143,47.44285714
9/4/19,52.35714286,47.61428571,51.9,50.11428571,47.74285714,47.42857143,53.75714286,50.9,49.28571429,48.42857143,48.85714286,52.54285714,49.52857143,50.75714286,47.34285714,48.08571429
9/11/19,50.28571429,38.42857143,48.97142857,43,47.34285714,33.31428571,47.61428571,48.82857143,56.85714286,56.28571429,43.67142857,48.35714286,44.77142857,47.68571429,42.72857143,44.11428571
9/18/19,39.94285714,32.44285714,38.98571429,32.84285714,43.88571429,26.51428571,39.98571429,40.32857143,56.14285714,57.14285714,36.31428571,40.32857143,38.44285714,42.48571429,36.38571429,37.18571429
9/25/19,44.1,31.2,40.78571429,33.45714286,38.42857143,31.01428571,38.52857143,40.34285714,52.14285714,52.57142857,34.65714286,39.81428571,38.6,37.15714286,35.57142857,36.24285714
10/2/19,40.34285714,23.15714286,37.02857143,27.02857143,29.98571429,25.17142857,30.55714286,38.87142857,54.14285714,51.71428571,27.88571429,37.07142857,32.6,30.22857143,28.75714286,29.22857143
10/9/19,31.21428571,18.22857143,30.84285714,22.34285714,27.92857143,21.28571429,29.18,29.2,47.57142857,45.14285714,32.25,32.92857143,30.52,29.8,26.52,26.21428571
10/16/19,27.57142857,18.14285714,26.28571429,21.85714286,18.14285714,19,,26.28571429,46.57142857,44.71428571,,26.57142857,,,,25.71428571
10/23/19,39.28571429,26.42857143,31.71428571,25.28571429,36.85714286,19.85714286,,35.42857143,45.14285714,43.71428571,,34.42857143,,,,32
10/30/19,21.14285714,16.57142857,10.71428571,12.57142857,28.42857143,13,,15.28571429,27.42857143,26.57142857,,14.85714286,,,,19.71428571
11/6/19,29.71428571,12,16.57142857,14.57142857,17.57142857,12,,17.28571429,31.71428571,26.57142857,,15,,,,22.85714286
11/13/19,8.428571429,-9.714285714,-2.714285714,-0.714285714,15.14285714,-13.28571429,,4.857142857,36.71428571,35.71428571,,3.714285714,,,,3.571428571
11/20/19,23.57142857,15.71428571,17.85714286,14.28571429,21.42857143,1.333333333,,18.71428571,15.42857143,19,,18.14285714,,,,21.14285714
11/27/19,13.28571429,11,13,13.28571429,29.85714286,8.285714286,,19.57142857,27,,,20.14285714,,,,22.75
12/4/19,20.71428571,10,6.142857143,10.14285714,7.857142857,10.28571429,,3.571428571,,,,0.714285714,,,,21.6
12/11/19,18.28571429,16,4,18,-4,23,,-3.285714286,,,,5.142857143,,,,23.57142857
12/18/19,-5,-11.42857143,-19.85714286,-6.285714286,-9,-9.857142857,,-17.42857143,,,,-24.85714286,,,,-6.428571429
12/25/19,-20.85714286,-8.714285714,-23.42857143,-12.71428571,10.28571429,-26,,-21.42857143,,,,-15.57142857,,,,-2.285714286
1/1/20,-27.14285714,-16.71428571,-23.14285714,-6.428571429,-10.57142857,-21.14285714,,-35.28571429,,,,-25,,,,-13.71428571
1/8/20,-1.285714286,-5,-15.71428571,1,-29.28571429,4.428571429,,-27.28571429,,,,-15.85714286,,,,1.428571429
1/15/20,-4.428571429,1.571428571,-9.142857143,1.857142857,-21.85714286,10.85714286,,-29.71428571,,,,-12.14285714,,,,0.714285714
1/22/20,-9.142857143,-19.57142857,-22,-12.85714286,-6.142857143,-22.28571429,,-14.42857143,,,,-18.42857143,,,,-13.42857143
1/29/20,-0.285714286,-12.14285714,-9.142857143,-11.71428571,-3.714285714,-24.85714286,,-8.428571429,,,,-8.714285714,,,,-7.142857143
2/5/20,3.571428571,6.714285714,-15.57142857,-6.142857143,15.14285714,-16.57142857,,2.857142857,,,,4.857142857,,,,8.857142857
2/12/20,4.857142857,-10.57142857,-12.28571429,-8.857142857,0.571428571,-6,,-8.142857143,,,,-19.57142857,,,,-4.857142857
2/19/20,2.571428571,3.857142857,-0.142857143,0.428571429,11.57142857,0.285714286,,2.571428571,,,,2.428571429,,,,4.714285714
2/26/20,-5.428571429,-9.714285714,-12.71428571,-8.714285714,5.285714286,-11.71428571,,-9.571428571,,,,-13.42857143,,,,-7.285714286
3/4/20,-3.142857143,-5.285714286,-8.285714286,-10.28571429,4.142857143,-9.285714286,,-6.285714286,,,,-6.857142857,,,,-5.428571429
3/11/20,20.85714286,8,21.57142857,11.85714286,3.714285714,14.42857143,,13.85714286,,,,18.28571429,,,,10.85714286
3/18/20,31.85714286,17.28571429,32.28571429,19.42857143,23.14285714,17.85714286,,32.28571429,,,,33.14285714,,,,23.85714286
3/25/20,20.85714286,-0.857142857,15.28571429,4.714285714,14.28571429,-0.285714286,,17.57142857,,,,17,,,,8.285714286
4/1/20,26.71428571,14.14285714,23.57142857,15.14285714,19.71428571,13,19.75,27.28571429,,,,29,,,,19
4/8/20,32.14285714,19.85714286,30.42857143,20.85714286,27.42857143,15.14285714,28.71428571,29.42857143,,,25,32.57142857,27.85714286,,25.85714286,23.71428571
4/15/20,41.42857143,31.42857143,39,32.85714286,40.57142857,21,38.85714286,40.71428571,,,36.14285714,41.42857143,39.14285714,,36,36.14285714
4/22/20,38.71428571,19,33.57142857,21.85714286,35,9.571428571,29.5,38,,,27.28571429,35.85714286,30.14285714,,25.5,26
4/29/20,42.28571429,24.42857143,40.71428571,28,39,23,34.28571429,41.42857143,,,32,40.42857143,34.85714286,,30,31.57142857
5/6/20,49,47.85714286,53.42857143,45.57142857,48.57142857,37.71428571,53.85714286,51.42857143,,,49,55.85714286,51.28571429,,46.14285714,47.14285714
5/13/20,53,29.14285714,51.71428571,36.71428571,49.14285714,21.85714286,41.28571429,54.28571429,18,17.6,38,47.28571429,41.71428571,,36.42857143,38.85714286
5/20/20,49.28571429,47.42857143,52.28571429,51.28571429,46.42857143,44.57142857,52.85714286,51.57142857,29.81428571,25.84285714,48,54.57142857,51.85714286,,47.85714286,49.57142857
5/27/20,55,48.28571429,58.71428571,54.28571429,51.42857143,47.71428571,55.85714286,57.42857143,35.11428571,32.18571429,51.28571429,57.71428571,54,,51.42857143,53.71428571
6/3/20,50.71428571,50.28571429,56.28571429,54.85714286,49.42857143,48.85714286,55.14285714,56.71428571,33.81428571,33.6,51.14285714,58.14285714,52.57142857,,50.57142857,52.28571429
6/10/20,55.71428571,53.57142857,59,58.42857143,55.14285714,52.42857143,58.57142857,59.85714286,39.74285714,38.17142857,54.42857143,61.28571429,56.28571429,,52.85714286,54.85714286
6/17/20,56.28571429,48.85714286,60.28571429,57.57142857,52.28571429,45.14285714,53.14285714,57.85714286,48.21428571,48.88571429,49.57142857,58.14285714,53.14285714,,49.85714286,51.71428571
6/24/20,50.71428571,44.85714286,52.42857143,51,53,47,50.42857143,53.57142857,48.38571429,49.95714286,47.57142857,56,51,55,47,47.57142857
7/1/20,55.71428571,50.14285714,56.57142857,,59,49.57142857,56.85714286,59.57142857,45.97142857,45.81428571,52.85714286,59.28571429,54.42857143,57.71428571,51,52.14285714
7/8/20,57.57142857,48.14285714,59.28571429,58,58.28571429,46.14285714,53.85714286,58.85714286,43.05714286,41.75714286,50.42857143,58,53.57142857,57,49.57142857,51.85714286
7/15/20,58.28571429,49.4,57.28571429,54,57.85714286,41.71428571,54.71428571,57.42857143,51.46666667,48.83333333,51.42857143,60,54.42857143,59,51.85714286,51.28571429
7/22/20,54.42857143,,55.42857143,48.14285714,54.57142857,44.28571429,51.28571429,56.42857143,53.14,51.44,48,57.57142857,52,55.14285714,47.85714286,48.71428571
7/29/20,57.71428571,,57.28571429,53.71428571,57.85714286,45.57142857,57.57142857,58.57142857,54.38571429,52.08571429,54,61,57.42857143,61.57142857,54.57142857,55.14285714
8/5/20,52.85714286,,55.28571429,53.28571429,52.71428571,49.85714286,53.71428571,56,60.21428571,59.12857143,49.85714286,58.28571429,52.14285714,53.42857143,49.57142857,50
8/12/20,57.28571429,,58.28571429,57.14285714,54.71428571,51.85714286,54.57142857,58.42857143,58.22857143,58.02857143,50.28571429,55.71428571,51.14285714,53.14285714,48.85714286,50.57142857
8/19/20,54.71428571,50.57142857,56.42857143,56.42857143,54.14285714,52.28571429,55.85714286,57.14285714,62.85714286,63.15714286,52.33333333,56.85714286,54.85714286,55.42857143,51.57142857,52.42857143
8/26/20,51,44,52.42857143,48.28571429,43.28571429,36,50.85714286,50.71428571,60.42857143,58.11428571,47.14285714,54,49.42857143,50.71428571,48,48
9/2/20,45.28571429,40,46.57142857,43,47.85714286,40.14285714,46.42857143,47.14285714,61.28571429,60.75714286,42.14285714,50.42857143,46.42857143,48.14285714,,43.85714286
9/9/20,44.71428571,34.71428571,45,37.14285714,39.57142857,32.14285714,43,45.14285714,61.41428571,61.31428571,39.5,46.57142857,41.5,40.57142857,,38.14285714
9/16/20,46.57142857,36.85714286,44.14285714,37.85714286,42.85714286,34.42857143,44,45.28571429,56.04285714,55.75714286,40.28571429,45.85714286,43,42.42857143,,37.85714286
9/23/20,38.14285714,31.57142857,38.14285714,35,40.85714286,22.85714286,40.14285714,40.66666667,51.24285714,51.02857143,36.57142857,39.42857143,39,39.28571429,36.83333333,37.85714286
9/30/20,46.14285714,39.28571429,45.42857143,40.85714286,43.57142857,35.28571429,46.57142857,45.71428571,53.74285714,52.57142857,42.57142857,48.71428571,44.71428571,41.14285714,42.42857143,40.42857143
10/7/20,37.71428571,20.28571429,32.42857143,25.42857143,30.85714286,15.14285714,30.28571429,34,53.01428571,53.34285714,26.42857143,33.14285714,26.42857143,31.85714286,25.71428571,26.28571429
10/14/20,29.85714286,11,23.71428571,14,16.28571429,16.85714286,18.42857143,25.57142857,49.81428571,47.7,14.71428571,20.28571429,14.28571429,16.28571429,13.42857143,14.5
10/21/20,35,19,29.14285714,21.71428571,17.85714286,20.42857143,27.14285714,29,41.54285714,36.55714286,23,29.14285714,22.28571429,16.85714286,20.85714286,23
10/28/20,17.28571429,-2,8.142857143,1.428571429,5.571428571,7.142857143,5.285714286,7.857142857,38.42857143,37.24285714,0.142857143,0.428571429,-2,1.714285714,-0.714285714,-0.75
11/4/20,31.42857143,10.42857143,21.57142857,14.85714286,6.142857143,14.85714286,17.71428571,21.42857143,31.34285714,29.57142857,14.85714286,16.71428571,14,-0.714285714,13.85714286,
11/11/20,15.57142857,8.428571429,6.285714286,8.428571429,-1.285714286,8.285714286,15.42857143,8.285714286,31.1,28.77142857,13.14285714,1.714285714,7.714285714,3,10,
11/18/20,21.14285714,12.42857143,5.571428571,14.42857143,-11.42857143,20.85714286,18.28571429,-0.428571429,34.08571429,32.55714286,13.57142857,4.857142857,3.571428571,-16.14285714,8.571428571,
11/25/20,18.14285714,16.14285714,11.85714286,13.57142857,13.71428571,4.857142857,23.42857143,14.57142857,22.54285714,21.75714286,20.42857143,11.42857143,16.57142857,1.857142857,19,
12/2/20,4.857142857,2.857142857,2.714285714,6.571428571,6.571428571,1.714285714,10.28571429,3.571428571,33.05714286,30.47142857,9.142857143,4,3.142857143,6.428571429,7.857142857,
12/9/20,7,-3.571428571,-5.285714286,2.142857143,-3.857142857,-3.142857143,5.5,-1.571428571,34.41428571,32.21428571,1.428571429,-1.857142857,-1.166666667,-1.285714286,2.714285714,
12/16/20,5.857142857,-11.57142857,-5.714285714,-4.142857143,2,-9.142857143,-0.714285714,-4.857142857,27.61428571,25.44285714,-4.714285714,-7.571428571,-11.42857143,-9.857142857,-4.714285714,
12/23/20,27.57142857,17.71428571,17.71428571,18.57142857,5,15.14285714,27.5,13.71428571,19.42857143,20.17142857,22.57142857,10,14.75,-6.285714286,18.14285714,
12/30/20,5.571428571,0.142857143,-6.428571429,1.428571429,-11.42857143,-12.14285714,8,-11.42857143,11.82857143,23.48571429,7.142857143,-7.428571429,-8.166666667,-9.571428571,3.142857143,
1/6/21,0.428571429,18.28571429,0.714285714,19.28571429,2.285714286,12.42857143,26.8,0.714285714,5.057142857,8.985714286,22.42857143,8.857142857,12.6,-7.428571429,18.28571429,
1/13/21,6.714285714,14.57142857,10.57142857,13.42857143,9.714285714,6,25,8,5.414285714,7.985714286,21.42857143,4.142857143,12.57142857,-6,17.42857143,
1/20/21,23.71428571,12.42857143,16.57142857,16.14285714,8.285714286,14,21.14285714,17.71428571,12.35714286,16.12857143,17.14285714,6.714285714,6.142857143,,12.42857143,
1/27/21,0.714285714,-11,-14.42857143,-7.857142857,-8.857142857,-19,-3.428571429,-7.285714286,4.585714286,9.814285714,-6.428571429,-14.28571429,-16.28571429,,-9.714285714,
2/3/21,4.428571429,-20.57142857,-16.85714286,-15.57142857,-12.28571429,-18,-12.85714286,-5.285714286,2.942857143,9.428571429,-15.42857143,-21.14285714,-22.85714286,,-16.28571429,
2/10/21,17.85714286,13.28571429,-2.142857143,4.428571429,-10.57142857,-2.857142857,17.28571429,2.571428571,-5.457142857,4.314285714,13.28571429,-1,5.285714286,,10,
2/17/21,-4.857142857,-9.142857143,-15.57142857,-16,1.714285714,-17.14285714,-4.142857143,-10.57142857,-22.77142857,-15.38571429,-4.857142857,-13,-7.285714286,,-4.571428571,
2/24/21,12.42857143,-4.142857143,-3.857142857,-6,11.85714286,-25,6.428571429,11.14285714,5.885714286,9.7,6.714285714,0.857142857,5.142857143,,6.857142857,
3/3/21,17.71428571,9.428571429,11.42857143,6.285714286,0.714285714,6.142857143,14.57142857,12.14285714,-6.871428571,0.7,12.85714286,6.428571429,10,,10.28571429,
3/10/21,5.142857143,-4.714285714,1,-4.571428571,6.285714286,-1.714285714,3.285714286,-0.714285714,-6.042857143,2.085714286,-0.571428571,-2.428571429,-1.285714286,,-1.428571429,
3/17/21,8.285714286,-1.428571429,7.428571429,0.714285714,4.714285714,-1.142857143,7.714285714,10,0.957142857,4.142857143,2.857142857,6.285714286,1.714285714,,1.285714286,
3/24/21,25.85714286,10.28571429,20.71428571,9.714285714,19.85714286,3.142857143,19.57142857,26.57142857,18.34285714,22.67142857,16.57142857,25.85714286,21.85714286,,16.85714286,
3/31/21,15.42857143,3.571428571,9,0.571428571,19.57142857,-8.142857143,11.42857143,15.85714286,10.35714286,17.61428571,8,14.57142857,13.85714286,,9.714285714,
4/7/21,20.28571429,5.285714286,11.42857143,2.571428571,14.57142857,-3.428571429,14.57142857,18.42857143,8.628571429,15.71428571,9.285714286,14,12.71428571,,8.428571429,
4/14/21,37.28571429,34.42857143,38.28571429,33,39.71428571,26.28571429,41.85714286,40,8.571428571,11.22857143,38.28571429,40.57142857,39.14285714,,35.14285714,
4/21/21,43,34,43.42857143,38.57142857,40.85714286,34.85714286,42,43,8.114285714,18.61428571,39.14285714,42.42857143,39.28571429,,35.71428571,
4/28/21,37.14285714,28.85714286,36.14285714,29.57142857,38.28571429,18.71428571,37.28571429,39.14285714,3.833333333,11.56666667,34,40,37.57142857,,33.42857143,
5/5/21,45.71428571,35.57142857,49.14285714,40.14285714,42.28571429,23.14285714,45.14285714,47.57142857,32.7,34.1,42.14285714,48,44.42857143,,40.57142857,
5/12/21,47.42857143,38,49.42857143,42.85714286,43.85714286,27.42857143,46.42857143,49,33.84285714,33.71428571,42.14285714,50.42857143,45.71428571,,41,
5/19/21,50,40.85714286,50,44.42857143,47,34,48.14285714,50.57142857,27.6,28.58571429,44,51,47.28571429,,43.28571429,
5/26/21,54.42857143,34.85714286,53.14285714,41.85714286,46.42857143,24.14285714,45.28571429,54.28571429,34.21428571,39.67142857,42.14285714,51.42857143,46.14285714,,40.42857143,
6/2/21,45.85714286,47.14285714,48.42857143,50.28571429,52,45,53,51,36.77142857,35.3,49.71428571,56.85714286,51.71428571,,49.42857143,
6/9/21,55,52.57142857,57.85714286,55.57142857,56.85714286,52.14285714,57.42857143,57.71428571,42.78571429,41,53.71428571,60.71428571,56.42857143,,52.57142857,
6/16/21,58.14285714,54.71428571,61,60.42857143,54.85714286,53.71428571,58.85714286,58.57142857,43.21428571,44.77142857,55,61.28571429,58,,55,
6/23/21,54.14285714,54.14285714,58.14285714,55.14285714,57.14285714,52.42857143,59.42857143,57,43.44285714,40.61428571,55.85714286,63.28571429,59.85714286,,55.14285714,
6/30/21,53.57142857,55.14285714,57.14285714,55.28571429,59.85714286,49.42857143,60.28571429,57,43.32857143,40.92857143,57,61.85714286,60.71428571,,56.71428571,
7/7/21,54.57142857,50.57142857,57.28571429,53.57142857,51.42857143,50.71428571,56,56.71428571,49.15714286,47.02857143,51.85714286,59,54.85714286,,50.71428571,
7/14/21,58.71428571,55.71428571,62.57142857,59.42857143,61.42857143,55.85714286,60.85714286,62.42857143,49.17142857,46.72857143,57.71428571,65.28571429,60.42857143,,56,
7/21/21,54.14285714,52.42857143,55.57142857,54.14285714,58.42857143,51.85714286,55,57.42857143,49.78571429,47.45714286,51.8,61.85714286,55.6,60,52,
7/28/21,61.28571429,55.14285714,60.42857143,55.85714286,59,55.14285714,60.71428571,61,58.47142857,58.42857143,57.85714286,64.42857143,60.28571429,65.14285714,56.28571429,
8/4/21,54.28571429,47.57142857,58.14285714,54,56.85714286,42.57142857,54.85714286,57.42857143,62.72857143,65.58571429,51.85714286,58.42857143,55.14285714,59.85714286,52,
8/11/21,48.85714286,41,48.71428571,42,51,35.42857143,46.42857143,49.57142857,53.67142857,51.64285714,43.57142857,52.42857143,48.71428571,55.42857143,44.42857143,42.8
8/18/21,50.85714286,39.71428571,49.14285714,43.14285714,49.42857143,39,46,48.28571429,55.08571429,53.31428571,42.71428571,49.57142857,46.14285714,49.71428571,43.28571429,43.42857143
8/25/21,47.57142857,39.42857143,47.28571429,42,49.14285714,39.71428571,44.57142857,48,57.72857143,56.9,41.28571429,49.14285714,45.71428571,46.71428571,42,42.28571429
9/1/21,50.42857143,45.14285714,50.42857143,46.57142857,49,42.42857143,51.57142857,51,55.2,53.92857143,46.71428571,51.42857143,48,50.85714286,46.42857143,47
9/8/21,47.71428571,43.57142857,48,46.71428571,46.28571429,43.71428571,50,46.57142857,57.65714286,55.92857143,45.14285714,48.85714286,45.57142857,44.14285714,44.14285714,45.14285714
9/15/21,39.85714286,29.85714286,38.28571429,31.28571429,38.14285714,26.28571429,38,39.14285714,45.57142857,43.15714286,33.42857143,39.28571429,36.42857143,36.14285714,33.14285714,33.14285714
9/22/21,33.42857143,18.42857143,32,24.85714286,30.14285714,17,27.57142857,33,53.31428571,52.98571429,23.14285714,30.28571429,26.42857143,26.71428571,23.57142857,25.14285714
9/29/21,34.71428571,20.42857143,31.14285714,26.42857143,30.42857143,18.57142857,28.28571429,30.42857143,47.22857143,46.5,23.85714286,30.42857143,26,26.57142857,24.57142857,25.85714286
10/6/21,39.28571429,24,35.42857143,27.28571429,32.28571429,20.57142857,31.71428571,36.71428571,46.52857143,44.75714286,28,35.14285714,30.28571429,28.85714286,28.28571429,30.57142857
10/13/21,29.57142857,18.14285714,26.42857143,20.85714286,23.14285714,11.42857143,26.42857143,27,43.64285714,41.7,22.28571429,27.85714286,23.71428571,22.28571429,21.14285714,22.28571429
10/20/21,28.71428571,26.42857143,28.71428571,27,22.42857143,23,33,27.42857143,44.51428571,41.52857143,28.85714286,25,25.14285714,19.85714286,25.85714286,28.57142857
10/27/21,15.28571429,23.71428571,19.14285714,22.57142857,26,19,30.42857143,20.42857143,34.51428571,30.55714286,27.28571429,29.14285714,27.85714286,18.28571429,27.71428571,28.28571429
11/3/21,11.85714286,15.42857143,17.28571429,19.28571429,13.42857143,14.28571429,22.85714286,20.28571429,34.14285714,32.4,19,19.57142857,16.14285714,13.14285714,18.42857143,20.14285714
11/10/21,-7.714285714,-2,-5.285714286,0,-6.857142857,-3,-0.142857143,-3.571428571,20.42857143,18.17142857,-0.857142857,-3.714285714,-7.857142857,-4.428571429,-3.571428571,-4
11/17/21,-20.14285714,-13,-12,0,-12,-13.71428571,-3.333333333,-15.57142857,26.55714286,25.97142857,-10.33333333,-12,-13.33333333,-18.42857143,-9.5,-4.428571429
11/24/21,-21.71428571,-20.14285714,-18,-7.142857143,-11.42857143,-29,-8.857142857,-19.42857143,16.11428571,14.17142857,-14.71428571,-18,-19.6,-18.85714286,-12.28571429,-10.42857143
12/1/21,1.333333333,-6.333333333,-0.833333333,-0.666666667,-3.5,-1.833333333,4.857142857,-3.166666667,13.11428571,15.31428571,0.285714286,-7.666666667,19.33333333,-21.66666667,-0.571428571,-1.5
12/8/21,-4.857142857,-8.714285714,-13.14285714,-6,-3,-14.57142857,-3.285714286,-8.857142857,15.28571429,15.37142857,-8.142857143,-10,-9.571428571,-9.142857143,-6.428571429,-5.285714286
12/15/21,26.28571429,5.857142857,13.42857143,6,-8.285714286,6.285714286,12,13.28571429,20.51428571,21.15714286,11.42857143,9.428571429,9.428571429,-8.428571429,11.71428571,10.57142857
12/22/21,32.71428571,2,9,-2.428571429,-1.142857143,-4.714285714,9.428571429,20.71428571,11.9,13.71428571,0,12.28571429,9.285714286,5.142857143,8.285714286,5.571428571
12/29/21,1,-17.57142857,-18.42857143,-8.714285714,-9.571428571,-18.42857143,-9.142857143,-1.428571429,2.042857143,0.714285714,,-13.71428571,-15.71428571,-10.42857143,-13.57142857,-6.714285714
1/5/22,-6.571428571,-7.285714286,-13,-0.857142857,-25,-9.142857143,-0.142857143,-14.71428571,16.5,15.02857143,-4.166666667,-13.71428571,-15,-33.28571429,-2.571428571,-1.428571429
1/12/22,7.857142857,8.857142857,6.571428571,2.142857143,5.285714286,-14,16.14285714,7.142857143,17.28571429,16.62857143,15.42857143,0,5.285714286,-6.714285714,13.85714286,14
1/19/22,13.71428571,13.14285714,12.85714286,10.14285714,20.14285714,8.285714286,23.57142857,16.71428571,-5.1,15.04285714,20,9.285714286,15.57142857,6.857142857,20.57142857,22
1/26/22,-2.714285714,-9.428571429,-21.28571429,-3.285714286,1.428571429,-10.28571429,1.571428571,-10.42857143,-11.4,-3.6,-4.285714286,-15.42857143,-13,-11.71428571,-5.714285714,0.285714286
2/2/22,-1.714285714,-14.42857143,-13.85714286,-9,5.714285714,-19.14285714,-2.714285714,-2.142857143,-14.81428571,-13.55714286,-4.428571429,-10.42857143,-9.142857143,-8.142857143,-4.571428571,-1.428571429
2/9/22,-1.714285714,-5.142857143,-17.28571429,-11.14285714,15.14285714,-15.28571429,0.285714286,-4.285714286,17.22857143,19.88571429,2,-10,-4.285714286,2.428571429,0.571428571,-5.857142857
2/16/22,17.14285714,-1.428571429,0.857142857,1.142857143,21,0,8.428571429,12,-7.257142857,-1.014285714,5.857142857,-0.142857143,1.285714286,5.428571429,5.714285714,5.857142857
2/23/22,33,16.28571429,23.71428571,18,23.28571429,19.14285714,27.28571429,25.57142857,5.928571429,14.35714286,24.71428571,21.85714286,21.85714286,17,23.14285714,25.85714286
3/2/22,30.71428571,16.71428571,22.57142857,17.57142857,16,16,26.28571429,24.14285714,-6.742857143,9.971428571,21.14285714,24.14285714,22.28571429,17.28571429,18.71428571,20.71428571
3/9/22,17.71428571,-2.714285714,9.142857143,4.428571429,12.71428571,-6.571428571,8.714285714,12.85714286,16.32857143,19.9,4.285714286,7.142857143,1.571428571,3,2.142857143,7.142857143
3/16/22,9.428571429,-2.285714286,4.428571429,5.857142857,22.14285714,-7.857142857,10.28571429,10,27.98571429,27.14285714,7.142857143,6.285714286,5,13.28571429,6.571428571,10.57142857
3/23/22,26.71428571,10.71428571,23.28571429,15.28571429,26,14.42857143,23.71428571,23.71428571,20.42857143,24.2,21.57142857,20,20.14285714,19.14285714,20.85714286,24.14285714
3/30/22,27,-0.142857143,15.14285714,4.428571429,25.71428571,-7.285714286,12,21.71428571,-3.185714286,9.471428571,9.571428571,12.57142857,8.857142857,18.57142857,9.142857143,12.28571429
4/6/22,22.85714286,14.71428571,21.57142857,15.42857143,21.71428571,13.85714286,23.28571429,20.57142857,-6.428571429,-3.228571429,18.57142857,24.42857143,22.71428571,20.42857143,18,18.85714286
4/13/22,38.71428571,16.14285714,35.71428571,23,25.85714286,18.85714286,27.42857143,34.57142857,4.242857143,6.2,23.57142857,33,25.28571429,23,21.42857143,24.85714286
4/20/22,38,32.71428571,41.14285714,36.28571429,35.57142857,28.57142857,40.57142857,40,12.62857143,12.85714286,36.28571429,40.28571429,37.42857143,35.14285714,34.14285714,36.28571429
4/27/22,42.14285714,33.85714286,43.42857143,39.14285714,39.71428571,26,42.85714286,42.28571429,23.32857143,23.27142857,38,44.14285714,41,40,37.42857143,39.14285714
5/4/22,36.71428571,30.71428571,38.42857143,34,38.14285714,22.71428571,36.85714286,40.42857143,21.9,22.6,33.85714286,41.28571429,38.57142857,38.14285714,35,35.57142857
5/11/22,39.42857143,27.14285714,39.28571429,33.42857143,39.85714286,21.14285714,36.28571429,41.14285714,14.87142857,14.1,33.14285714,41.71428571,38.57142857,38,33.71428571,34.85714286
5/18/22,54.85714286,38.57142857,56.42857143,46.57142857,47.71428571,33.85714286,48.71428571,55.42857143,30.74285714,28.13333333,44.57142857,53.14285714,46.71428571,46.85714286,41.71428571,44.28571429
5/25/22,55.71428571,49,55.71428571,51.71428571,53.42857143,38.14285714,56.28571429,59.14285714,40.22857143,37.92857143,51.42857143,59.28571429,54.14285714,53.71428571,49.14285714,50.28571429
6/1/22,62.42857143,48.14285714,62.14285714,54.85714286,59,37.85714286,57.14285714,63.28571429,35.41428571,32.67142857,54,61,55.85714286,59,52.28571429,54
6/8/22,54.85714286,41.85714286,54,48.71428571,53.71428571,37.14285714,50.57142857,55.14285714,40.57142857,39.44285714,47.85714286,53.57142857,50.71428571,53.71428571,46.42857143,48.57142857
6/15/22,56.57142857,51.85714286,60,58.57142857,54.83333333,51,55.71428571,58,46.35714286,44.88571429,53,60.42857143,54.57142857,58.42857143,51.57142857,52.42857143
6/22/22,56.71428571,57.57142857,60.42857143,57.14285714,65.57142857,53.14285714,61.42857143,60.57142857,48.1,47.58571429,58.28571429,63.5,60.57142857,64.14285714,56.57142857,56.42857143
6/29/22,59,61.71428571,65,64.71428571,65.71428571,60.85714286,65.42857143,64,45.3,44.8,61.57142857,,62.71428571,66.14285714,59.57142857,61.28571429
7/6/22,60.14285714,60.42857143,63.28571429,64.14285714,59.71428571,57,62.57142857,62.42857143,49.62857143,48.44285714,58.71428571,,61,53,58.42857143,60.28571429
7/13/22,54,46.42857143,54.71428571,48.85714286,53.85714286,42.71428571,52.42857143,55.85714286,48.52857143,46.1,49,,53,47.57142857,49,49.14285714
7/20/22,49.14285714,47.57142857,51.71428571,50.4,55.42857143,48.14285714,53.28571429,52.14285714,59.37142857,60.28571429,49.28571429,58,54,58.42857143,49,50
7/27/22,55.71428571,48.28571429,55.85714286,,56.14285714,41,54.14285714,56.71428571,56.95714286,56.38571429,50.14285714,56.71428571,53,57.14285714,49.42857143,51
8/3/22,50.42857143,43.28571429,50.57142857,,54.14285714,45.57142857,49.28571429,51.14285714,57.45714286,56.04285714,46,53.71428571,51,54.57142857,46.42857143,46.71428571
8/10/22,52,51,52.57142857,,54,42.57142857,56.57142857,53.85714286,60.01428571,59.31428571,52.28571429,56.85714286,55.14285714,57.85714286,51.85714286,51.14285714
8/17/22,54,49,52.85714286,,52.14285714,40.14285714,55.28571429,53.57142857,59.77142857,59.74285714,51.28571429,57.57142857,54.85714286,58.42857143,51.14285714,51.42857143
8/24/22,52,46,51.57142857,,50,45.42857143,51.42857143,52.28571429,60.35714286,60.48571429,47.71428571,53.28571429,50.14285714,53,47.57142857,47.83333333
8/31/22,48.85714286,41.71428571,48.85714286,,46.14285714,43.28571429,47.71428571,50,58.58571429,58.37142857,43.85714286,52.14285714,47.14285714,46.71428571,45.57142857,46
9/7/22,49.71428571,40.42857143,48.14285714,,46.14285714,40.28571429,47.28571429,48.14285714,56.15714286,55.52857143,43.28571429,49.85714286,45.28571429,47.28571429,43.14285714,42.85714286
9/14/22,47,37.71428571,45.71428571,,46.14285714,40.28571429,44.28571429,46.42857143,51.3,49.2,40.42857143,48.28571429,44,45.14285714,40.14285714,40.71428571
9/21/22,40.71428571,28.14285714,41,34.4,39.14285714,26.42857143,37.28571429,41,62.07142857,58.52857143,33.71428571,37.71428571,35.28571429,35.5,34.28571429,34.57142857
9/28/22,45,33.42857143,39.71428571,31.57142857,40.14285714,24.66666667,41.28571429,41.71428571,50.58571429,48.27142857,37.85714286,40.28571429,37.57142857,38.71428571,36.71428571,37.71428571
10/5/22,36.28571429,30.14285714,35.42857143,29,38.85714286,26.14285714,37.14285714,37.57142857,43,40.77142857,33.85714286,37.71428571,36.57142857,37.28571429,35.42857143,33.42857143
10/12/22,32,19.42857143,28.85714286,21.57142857,25,19.57142857,29.28571429,26.71428571,47.14285714,47.17142857,25.14285714,26.28571429,24.71428571,19.71428571,25.42857143,26.14285714
10/19/22,33.57142857,19,30.28571429,22,22.85714286,20.85714286,27.57142857,30.14285714,45.85714286,44.84285714,23.57142857,29.57142857,25.28571429,25.71428571,23.71428571,24.71428571
10/26/22,18.14285714,2.285714286,14,9.857142857,8.857142857,6.857142857,8.714285714,11.57142857,41.24285714,39.11428571,4.428571429,7.857142857,0.428571429,9.714285714,3.857142857,4
11/2/22,17.71428571,7.428571429,13.85714286,7.285714286,7.428571429,9.571428571,14.71428571,10.57142857,35.45714286,33.81428571,10.85714286,10.85714286,8,3.714285714,10.85714286,10.85714286
11/9/22,19.14285714,19.28571429,15.85714286,15.71428571,20.28571429,12.42857143,26,16.57142857,23.21428571,21.07142857,22.85714286,20,24.28571429,14.14285714,22.71428571,21.14285714
11/16/22,28.14285714,27.28571429,20.71428571,24.28571429,3.857142857,22.28571429,30.57142857,10.42857143,28.7,29.4,29.14285714,12.28571429,15.57142857,-2.428571429,23,23.42857143
11/23/22,10.71428571,2.285714286,7.714285714,6,7.142857143,-0.428571429,9,6.142857143,28.3,23.58571429,6.285714286,4.714285714,0.571428571,4.571428571,4.857142857,2.285714286
11/30/22,25,14.42857143,20.28571429,15.42857143,-1.714285714,22.28571429,18.71428571,10.57142857,16.44285714,18.15714286,18.85714286,14.14285714,3,-0.714285714,19,15.85714286
12/7/22,18.42857143,4.285714286,15.71428571,5.428571429,5.285714286,7.857142857,11.71428571,12.28571429,-0.585714286,3.6,7.857142857,13.85714286,,2.285714286,7.428571429,9.142857143
12/14/22,-17,-7.428571429,-22.57142857,-2.428571429,-20.57142857,-1.857142857,-0.428571429,-27.42857143,-6.471428571,-5.571428571,-4.857142857,-22.42857143,,-22,-3.285714286,-1.714285714
12/21/22,-1.142857143,-20.42857143,-10.71428571,-3.857142857,-16.71428571,-6.142857143,-7.857142857,-15.42857143,-9.857142857,-3.671428571,-13.28571429,-12.28571429,,-32.57142857,-13.28571429,-4.714285714
12/28/22,3,16.28571429,1.428571429,12.28571429,3.142857143,5.857142857,23.85714286,-8,-0.814285714,-1.3,21.42857143,-2.333333333,,-6.857142857,18.85714286,17.28571429
1/4/23,4.571428571,7,0.285714286,11.14285714,-10,7.428571429,14.57142857,-4.857142857,7.014285714,6.485714286,11.71428571,1.142857143,,-6.142857143,8.857142857,6.571428571
1/11/23,12.57142857,4.285714286,6.857142857,5.571428571,-8,-6,13.57142857,3.285714286,9.314285714,14.35714286,12.28571429,-4.142857143,,-8.285714286,3,6.285714286
1/18/23,-6.857142857,1.857142857,-13.42857143,-1.571428571,9.285714286,-7.857142857,7.142857143,-10.28571429,-3.828571429,2.657142857,4.857142857,-10.28571429,-3,-3.571428571,,4.285714286
1/25/23,18.28571429,7.571428571,10.71428571,6.285714286,19.57142857,4.857142857,16.85714286,11.14285714,3.914285714,16.62857143,16.42857143,6.428571429,8.285714286,8.428571429,,13.85714286
2/1/23,7.857142857,0.428571429,0.142857143,0.857142857,12.71428571,-5.714285714,10.71428571,3.428571429,4.728571429,10.51428571,8.857142857,0.142857143,0,0.285714286,,8.714285714
2/8/23,-5.714285714,-1.857142857,-9.857142857,-2.428571429,6.714285714,-4.142857143,4.285714286,-8.428571429,-22.31428571,-15.74285714,1.857142857,-6,-2.571428571,-0.857142857,,0.857142857
2/15/23,14.85714286,3.142857143,4.428571429,0.857142857,7.428571429,-3.571428571,10,3.857142857,-2.657142857,4.271428571,8.285714286,2.142857143,3.571428571,0.285714286,,5
2/22/23,21.14285714,1.285714286,9.714285714,0.285714286,4.428571429,2.142857143,8.428571429,13.28571429,5.857142857,12.71428571,4.571428571,8.714285714,5.857142857,-0.571428571,,5
3/1/23,19.14285714,5.428571429,6.857142857,2,7.571428571,8.714285714,11.42857143,5,15.56666667,8.5,9.571428571,4.142857143,8.714285714,3.571428571,,7.142857143
3/8/23,12.14285714,4.857142857,5.714285714,6,14.85714286,-1.142857143,13.14285714,10.71428571,3.528571429,8.614285714,8.428571429,7.428571429,8.857142857,9.142857143,,9.285714286
3/15/23,14,8.714285714,11.71428571,11.14285714,17.28571429,7.142857143,19.14285714,13.71428571,0.214285714,14.47142857,15.14285714,11.71428571,12.85714286,12.14285714,,14.42857143
3/22/23,24.28571429,14.71428571,21.85714286,15.28571429,18.71428571,13.57142857,23,26,-14.31428571,-7.814285714,18.5,26.42857143,22,19.42857143,,19
3/29/23,25.57142857,10.14285714,22,13,21.14285714,8,20.57142857,25.28571429,-13.07142857,-10.34285714,17.14285714,23.71428571,20.57142857,21.28571429,,17.42857143
4/5/23,1.571428571,3.142857143,-2.714285714,-4.142857143,19.28571429,-13.6,9.714285714,3.142857143,-10.84285714,-2.414285714,5.571428571,8.714285714,11,13,,5.857142857
4/12/23,11.42857143,8,8.714285714,11.28571429,31.28571429,,19.28571429,16.28571429,6.014285714,13.9,16.57142857,19.85714286,20.14285714,25.85714286,,17.71428571
4/19/23,27.57142857,9,28.42857143,18.14285714,31.28571429,,20.85714286,29,11.22857143,21.81428571,18.14285714,24.42857143,21.14285714,25.71428571,,19
4/26/23,37.14285714,28.71428571,37.85714286,30.57142857,37,,37.71428571,38.28571429,17.74285714,21.98571429,34.42857143,39.85714286,37.42857143,39.28571429,,34.42857143
5/3/23,37.85714286,33.42857143,39.28571429,34.57142857,37.57142857,,40.71428571,41,9.628571429,21.87142857,37.28571429,41.85714286,40.57142857,39.71428571,,37.85714286
5/10/23,43.71428571,42.14285714,46.28571429,42.85714286,45.28571429,,49.57142857,46.57142857,12.01428571,13.24285714,45.28571429,51.42857143,48.57142857,47.14285714,,44.14285714
5/17/23,47.28571429,44.57142857,51.85714286,49.57142857,47.57142857,,51.71428571,52.71428571,24.74285714,28.68571429,48.14285714,56.71428571,51.42857143,52,,47
5/24/23,45,42.85714286,52.85714286,47.71428571,44.85714286,,49.14285714,51.57142857,25.02857143,30.5,45.42857143,53.28571429,49.28571429,47.71428571,,46.57142857
5/31/23,47.42857143,39.85714286,47,40.28571429,48.57142857,,47.28571429,49.42857143,32.65714286,32.7,44.71428571,51.71428571,48.71428571,51.28571429,,44.57142857
6/7/23,51.57142857,48.71428571,55.28571429,53.14285714,51.42857143,,54.57142857,54.14285714,42.3,39.52857143,51.14285714,58.85714286,54.57142857,56.42857143,,51.57142857
6/14/23,53.14285714,47.42857143,56,51,53.71428571,,53.14285714,55.42857143,42.02857143,40.14285714,49.85714286,57.85714286,54.57142857,57,,50.57142857
6/21/23,56.71428571,52.28571429,59.28571429,57.42857143,59.42857143,,58.42857143,59,41.68571429,42.58571429,54.42857143,62.57142857,59,62.57142857,,55.71428571
6/28/23,55.42857143,54.57142857,59.14285714,57.42857143,56.85714286,,59.14285714,56.71428571,48.31428571,47.1,55.42857143,61.14285714,60,60.57142857,,55.85714286
7/5/23,51.71428571,54.85714286,54.57142857,52.83333333,62.71428571,,58.85714286,53.42857143,55.04285714,52.88571429,56.14285714,61.14285714,60.14285714,68.57142857,,55
7/12/23,52.83333333,53.14285714,56.16666667,54.57142857,58.28571429,49.66666667,57.57142857,58.42857143,53.11428571,53,53.71428571,61.42857143,58.28571429,60.28571429,,55.14285714
7/19/23,59.57142857,62.57142857,66,66.85714286,63,63,66,65.42857143,56.38571429,55.6,61.57142857,68,63.85714286,65.71428571,,62
7/26/23,58.71428571,60.33333333,60.28571429,61.14285714,66,58.14285714,63.85714286,61.33333333,55.85714286,52.32857143,59.57142857,66,63,66.28571429,,60.14285714
8/2/23,58.42857143,60.14285714,63.85714286,62.42857143,62.28571429,57.42857143,63.71428571,61.71428571,54.81428571,53.01428571,59,62.71428571,61.28571429,64.57142857,,58
8/9/23,54.85714286,52.71428571,60.14285714,59.57142857,54.71428571,45,57.14285714,58.14285714,51.25714286,48.48571429,53.28571429,60.42857143,54.71428571,56.83333333,,54.28571429
8/16/23,52.57142857,42.85714286,53.14285714,46.85714286,53.57142857,44.42857143,47.85714286,53.42857143,62.65714286,62.24285714,45.14285714,54.57142857,50.28571429,54,,46.42857143
8/23/23,52.14285714,49,51.42857143,47.57142857,59.14285714,39.28571429,54.42857143,53.14285714,57.97142857,56.34285714,51.57142857,56.28571429,55.14285714,61.28571429,,51.57142857
8/30/23,49.71428571,40.14285714,47.85714286,42.42857143,47.85714286,40.42857143,45.71428571,49.42857143,56.5,54.92857143,42.57142857,50.42857143,46.14285714,48.71428571,,43.42857143
9/6/23,44,39.71428571,44.57142857,42.28571429,43.57142857,37.28571429,45,44.71428571,56.2,53.9,41.42857143,47.57142857,44.85714286,45.71428571,,43.57142857
9/13/23,42,35.71428571,42.71428571,39,41.71428571,35.42857143,42.85714286,43,54.24285714,53.47142857,38.28571429,45.42857143,40.66666667,41.42857143,,39.42857143
9/20/23,40,26.42857143,38.28571429,31.28571429,36,24,35.14285714,39.28571429,49.11428571,46.68571429,31.42857143,36,33.85714286,34.71428571,47.57142857,32.71428571
9/27/23,38.42857143,25.28571429,35.57142857,28.42857143,34.71428571,22.85714286,32.42857143,35.57142857,52.01428571,48.92857143,28.85714286,34.57142857,31.57142857,32,45,29.57142857
10/4/23,33.14285714,15.42857143,25.85714286,20.42857143,32,9.428571429,25.14285714,30.85714286,43.95714286,41.8,21.85714286,28.14285714,25.42857143,28,,25
10/11/23,29.28571429,26.14285714,28.14285714,25.42857143,31,19.28571429,32.14285714,28,46.3,42.02857143,29.57142857,28.14285714,29.85714286,30,,30.42857143
10/18/23,22.42857143,11.71428571,25.28571429,16,11.57142857,15.14285714,19.42857143,19.85714286,52.91428571,52.85714286,16.71428571,26.14285714,21.14285714,16,,18.14285714
10/25/23,39.28571429,28,30.57142857,28,15,29.28571429,34.71428571,26.71428571,41.44285714,39.81428571,31.28571429,17,23.71428571,10.42857143,,25.14285714
11/1/23,23.71428571,9,19.57142857,14.71428571,19.71428571,8.857142857,19.28571429,19.85714286,42.62857143,41.55714286,15.85714286,17.71428571,16.42857143,19.28571429,,18.85714286
11/8/23,23.71428571,13.71428571,18.28571429,17.71428571,16.71428571,11.71428571,21.57142857,15,37.31428571,34.9,20.71428571,20.42857143,17.71428571,12,,21.85714286
11/15/23,19.71428571,4.428571429,15.28571429,8.857142857,0.714285714,7.285714286,13.57142857,12.57142857,30.4,27.57142857,9.714285714,17,9.571428571,1.285714286,,9.428571429
11/22/23,33.28571429,24.14285714,19.85714286,22.42857143,21,22.14285714,32.14285714,18.42857143,29.95714286,28.17142857,28.42857143,16.42857143,23.42857143,5.142857143,,26.85714286
11/29/23,9.714285714,11,8.285714286,13.57142857,-4,12.42857143,18.42857143,3.142857143,30.65714286,25.82857143,14.14285714,1.857142857,5.285714286,-0.285714286,,9.285714286
12/6/23,5,-2.571428571,-1.857142857,1.714285714,6.285714286,-9.714285714,6.428571429,-3,22.55714286,23.9,4.857142857,-2,-0.857142857,-5.714285714,,3.571428571
12/13/23,5.714285714,0,0,0.571428571,3.857142857,-7.571428571,7.571428571,-4.571428571,3.557142857,3.042857143,5.571428571,-4.857142857,0.714285714,-12.57142857,,4.142857143
12/20/23,-6.142857143,8,-9.285714286,5.142857143,10,6.714285714,10.57142857,-7.571428571,13.1,11.72857143,8.285714286,-2.571428571,5.571428571,-6.857142857,,8.142857143
12/27/23,-0.857142857,0.857142857,-1.857142857,7.857142857,-21.28571429,0.285714286,10.14285714,-13.28571429,,17.72857143,7.714285714,-19.57142857,-6.285714286,-24.14285714,,5.285714286
1/3/24,21.71428571,-4.285714286,10,2.571428571,-4.428571429,9,8.142857143,4.428571429,,26.01428571,6.571428571,-3.714285714,-2.571428571,-8.142857143,,6.428571429
1/10/24,29.85714286,3.142857143,11.71428571,2.857142857,-5.571428571,12.42857143,9.428571429,11.85714286,,5.214285714,8.714285714,-0.714285714,-1.142857143,-10,,7.857142857
1/17/24,-1.857142857,-5.285714286,-11.57142857,-4.142857143,-10.42857143,-4.428571429,0.428571429,-14.85714286,,16.28571429,-4,-20.14285714,-12.42857143,-17,,-7.285714286
1/24/24,-25,-20.71428571,-34,-21.28571429,-9.428571429,-23.71428571,-20.14285714,-35.71428571,,10.2,-20.85714286,-31.6,-28,-21.28571429,,-24.28571429
1/31/24,-0.714285714,-12.14285714,-24,-14.71428571,-19.57142857,-10.28571429,-9.714285714,-22.57142857,,21.52857143,-11.28571429,-23.6,3,-26.57142857,,-16.71428571
2/7/24,30,19,21.42857143,19,14,16.85714286,27.42857143,15.28571429,,-5.485714286,22.57142857,13.85714286,22.4,-1,,20.42857143
2/14/24,29,28.28571429,20.85714286,22.57142857,14.85714286,6.428571429,37.42857143,22.85714286,,9.228571429,32.85714286,24.42857143,27.57142857,4.714285714,,28.85714286
2/21/24,18,5.285714286,16,6.714285714,12.57142857,1.571428571,15.28571429,18.42857143,,18.44285714,10.85714286,9.714285714,13.85714286,9.714285714,,9.571428571
2/28/24,6.857142857,-6.857142857,-3.714285714,-4.857142857,-1.285714286,-4.285714286,0.857142857,0,,25.35714286,-3.571428571,-4.428571429,-5.428571429,-7.857142857,,-4.714285714
3/6/24,5.285714286,-9.428571429,-0.571428571,-3.571428571,11,-19.14285714,4.571428571,9.142857143,,-1.471428571,1.714285714,1.714285714,1.571428571,4.857142857,,1.714285714
3/13/24,6.285714286,0.571428571,2,0.571428571,25,-11,8.714285714,5.428571429,,9.571428571,8.428571429,4.571428571,7.571428571,15.71428571,,6.428571429
3/20/24,34.14285714,30.71428571,35,29.57142857,26.71428571,18.85714286,39.57142857,37.28571429,,-3.957142857,34.57142857,32.42857143,34.14285714,31.42857143,,32.42857143
3/27/24,17.85714286,19.85714286,22,17.71428571,28.85714286,10.14285714,29,26.71428571,,3.5,24.85714286,29.85714286,29.42857143,29.42857143,,25.85714286
4/3/24,25.71428571,16.71428571,22.28571429,18.42857143,25.57142857,7.285714286,25.85714286,27.42857143,,20,23.57142857,29.14285714,27.42857143,25.85714286,,23.71428571
4/10/24,27.14285714,21,29.28571429,21.14285714,29.28571429,14.42857143,30.71428571,31.85714286,,-1.585714286,26.71428571,32.71428571,33.28571429,30.85714286,,26
4/17/24,40.42857143,37,42.42857143,39.57142857,37.57142857,26.42857143,46,42.42857143,,8.228571429,41.14285714,43.28571429,42.28571429,40.57142857,,40
4/24/24,41.85714286,29.85714286,42.85714286,33.71428571,40.14285714,20.71428571,40.42857143,43.28571429,,17.94285714,37.28571429,42.57142857,39.28571429,40.85714286,,37.85714286
5/1/24,39.14285714,25.28571429,38,26.85714286,40.85714286,5.142857143,37.85714286,44.14285714,,21.61428571,35.42857143,38.42857143,39,44.14285714,,36
5/8/24,37.57142857,34.42857143,41.28571429,37.85714286,39.57142857,25.14285714,41.71428571,43.28571429,,25.02857143,37.71428571,46.57142857,41.33333333,41.71428571,,39.14285714
5/15/24,42.14285714,43.14285714,48.57142857,47.57142857,44,38.28571429,51.28571429,48.57142857,,26.02857143,47,54.14285714,49.42857143,48.85714286,,47.28571429
5/22/24,45.42857143,38.28571429,48.14285714,44.42857143,45,29,46.42857143,49,,28.25714286,42.85714286,51.28571429,47.14285714,48.14285714,,45
5/29/24,50.71428571,49,53.28571429,53.71428571,50.14285714,32,54.71428571,54.14285714,,27.98571429,50.28571429,57.42857143,52.42857143,51.85714286,,52.14285714
6/5/24,54.71428571,52,59.42857143,57.85714286,54.28571429,41,57.57142857,56.85714286,,24.8,54.14285714,61.14285714,56.42857143,59.42857143,,56.57142857
6/12/24,57.14285714,54.85714286,60.42857143,58.57142857,57.42857143,53,58.28571429,60.28571429,36.25,32.81428571,55,62.42857143,58.28571429,59.28571429,,54.85714286
6/19/24,58.85714286,55.14285714,62.71428571,60.28571429,62.28571429,51.42857143,61.14285714,61,40.45714286,44.14285714,57.28571429,64.14285714,60.42857143,61,,57.57142857
6/26/24,58.71428571,59.28571429,64.71428571,65.71428571,61.42857143,58.71428571,62.85714286,63.28571429,39.91428571,40.2,58.71428571,66.42857143,61.42857143,64.85714286,,59.85714286
7/3/24,52.71428571,43.28571429,53.14285714,46,55.57142857,41.57142857,48.85714286,54.57142857,41.61428571,39.2,46.57142857,55.85714286,52.42857143,59.85714286,,47.28571429
7/10/24,49.85714286,51.42857143,53.57142857,54.28571429,56.28571429,53.71428571,56.28571429,53.28571429,48.18333333,47.31428571,52.14285714,59.42857143,56.85714286,59.57142857,,53.28571429
7/17/24,58.14285714,56.71428571,61.14285714,58.71428571,59.85714286,53.42857143,60.85714286,61,48.82857143,47.14285714,56.42857143,61.28571429,58.57142857,62.28571429,,55.42857143
7/24/24,55.57142857,50.57142857,57.28571429,55,55.42857143,45.85714286,55,57,55.02857143,54.74285714,51.57142857,59.57142857,56.71428571,60.42857143,,52.42857143
7/31/24,54.71428571,49.71428571,55.71428571,50.33333333,58.71428571,49.71428571,55,55.57142857,52.81666667,51.43333333,51.42857143,58.71428571,55.14285714,61.83333333,,51.28571429
8/7/24,50.14285714,47,52.28571429,49.42857143,55.71428571,48.42857143,52.42857143,51.28571429,54.75714286,53.94285714,49,56.14285714,54.85714286,58.42857143,,50.14285714
8/14/24,52.83333333,44.85714286,51.28571429,45.28571429,55.71428571,45.42857143,50.57142857,52.71428571,55.47142857,53.87142857,47.28571429,54.28571429,52.71428571,57,,47.28571429
8/21/24,47.42857143,39,48.42857143,43.42857143,47.66666667,39,44.5,48.85714286,59.54285714,58.15714286,42.28571429,49.28571429,45.71428571,47.33333333,,42.71428571
8/28/24,49,40.28571429,48.57142857,44.85714286,46.14285714,34.71428571,47.85714286,51.28571429,54.95714286,54.51428571,,50,46.33333333,46.57142857,,43.28571429
9/4/24,50.71428571,43.42857143,50.42857143,46.14285714,47.71428571,41.57142857,49.71428571,51.14285714,59.34285714,59.12857143,,51.71428571,48.71428571,47.85714286,,45.57142857
9/11/24,47,37.57142857,46.57142857,42.28571429,44.42857143,39.28571429,43.85714286,45.85714286,61.62857143,61.7,,47.57142857,44.8,44.85714286,,42.28571429
9/18/24,40.71428571,30.42857143,40,35.42857143,39.57142857,27.28571429,36.85714286,41,46.42857143,45.04285714,32,42,38.71428571,38.85714286,32.5,36.71428571
9/25/24,39,30.83333333,38,34.42857143,33.42857143,26.85714286,37.85714286,37.42857143,46.87142857,43.22857143,33.42857143,37.57142857,36.14285714,33,32.71428571,35.14285714
10/2/24,40.85714286,31,36.14285714,33.28571429,33.71428571,24.42857143,38,37.28571429,54.6,54.24285714,33.14285714,36,34,33,31.28571429,32.85714286
10/9/24,31,24.14285714,28.71428571,24.85714286,31.14285714,15,29.85714286,32.42857143,57.82857143,61.37142857,27,32.14285714,32,28.28571429,28,29
10/16/24,33,13.28571429,28.14285714,17.28571429,21.57142857,16.28571429,19,30.14285714,50.82857143,50.8,16.42857143,26.85714286,20.28571429,20.8,16.14285714,16.57142857
10/23/24,24,10.14285714,18.14285714,12.14285714,14.28571429,8,15.71428571,20.28571429,44.07142857,42.91428571,12,18,13.85714286,13.28571429,12.14285714,13.42857143
10/30/24,24.42857143,7,18.57142857,13.57142857,18.42857143,5.857142857,15.42857143,18.28571429,36.58571429,34.27142857,12.42857143,14.71428571,12.28571429,17.14285714,13.71428571,15.57142857
11/6/24,20.14285714,6.857142857,13.28571429,13,13.85714286,4.428571429,16.85714286,10.42857143,36.87142857,34.42857143,11.85714286,8.571428571,8.714285714,6.714285714,12.28571429,13
11/13/24,9.714285714,-6.142857143,3,0.857142857,3,-10.57142857,0.571428571,3,31.2,29.15714286,-3.571428571,-3.571428571,-6.714285714,-3,-3.857142857,-2.714285714
11/20/24,19.85714286,7.857142857,16.28571429,7.857142857,-2.285714286,7,11.71428571,15.85714286,28.17142857,26.07142857,12.42857143,13.85714286,11.57142857,2.285714286,11.42857143,11.57142857
11/27/24,-6.5,-10.25,-19,-4.25,-13.25,-2.5,-5.5,-24.75,24.35,23.175,-9.75,-24.75,-19.5,-24,-10.75,-13.25