# weekly air temperature (F) for snotel sites across Alaska calculated from start of day temperature,,,,,,,,,,,,,,,,
week_start,aniak,eagle_summit,galena,gobblers_knob,gulkana_river,imnaviat_creek,little_chena_ridge,mcgrath,monument_creek,mt_ryan,munson_ridge,nenana,teuchet_creek,tok,upper_chena,upper_nome_creek
4/1/15,,15.44285714,,16.71428571,,11.67142857,25.52857143,,-4.571428571,1.285714286,22.88571429,,21.32857143,,21.45714286,21.1
4/8/15,,21.15714286,,23.61428571,,11.52857143,30.4,,-1.285714286,0.285714286,25.5,,28.92857143,,25,24.87142857
4/15/15,,25.57142857,,29.24285714,,23.55714286,34.97142857,,-8.428571429,-2,29.38571429,,31.45714286,,28.24285714,29.85714286
4/22/15,,27.24285714,,33.35714286,,24.72857143,36.51428571,,9.571428571,14.57142857,30.65714286,,29.04285714,,27.8,31.95714286
4/29/15,,26.1,,35.92857143,,20.07142857,34.01428571,,2,7.285714286,30.45714286,,29.2,,29.24285714,32.04285714
5/6/15,,36.45714286,,42.45714286,,32.85714286,44.94285714,,17.14285714,17.71428571,38.9,,37.65714286,,34.65714286,35.87142857
5/13/15,,49.24285714,,51.11428571,,41.55714286,55.27142857,,19.57142857,20,48.77142857,,43.68571429,,41.44285714,41.62857143
5/20/15,,51.28571429,,54.27142857,,45.85714286,57.2,,26.71428571,28.71428571,51.25714286,,47.07142857,,43.5,44.14285714
5/27/15,,39.84285714,,46.07142857,,34.14285714,48.07142857,,29.85714286,31.85714286,43.65714286,,43.15714286,,42.62857143,43.52857143
6/3/15,,37.1,,40.78571429,,32.78571429,45.05714286,,34.14285714,32.42857143,39.61428571,,40.22857143,,35.37142857,37.55714286
6/10/15,,42.64285714,,47.98571429,,40.48571429,49.74285714,,40.16666667,36.42857143,44.68571429,,44.54285714,,39.74285714,39.47142857
6/17/15,,52.62857143,,63.91428571,,54.52857143,58.92857143,,41.66666667,41,53.75714286,,50.47142857,,45.97142857,47.32857143
6/24/15,,49.27142857,,56.78571429,,50.54285714,55.72857143,,41.42857143,44.28571429,50.41428571,,52.18571429,,46.45714286,46.08571429
7/1/15,,52,,58.27142857,,50.21428571,57.6,,41.57142857,42,51.78571429,,52.27142857,,48.37142857,50.87142857
7/8/15,,47.55714286,,54.01428571,,42.07142857,53.54285714,,44.28571429,41.85714286,49.17142857,,51.42857143,,47.12857143,47.34285714
7/15/15,,45.48571429,,52.35714286,,46.74285714,51.25714286,,46.71428571,44.85714286,46.54285714,,50.38571429,,46.52857143,48.12857143
7/22/15,,47.51428571,,56.48571429,,41.62857143,53.77142857,,54.57142857,56.14285714,49.6,,49.01428571,,45.74285714,46.72857143
7/29/15,,45.05714286,,52.55714286,,44.97142857,51.93333333,,45.71428571,43.57142857,47.36666667,,48.33333333,,45.1,43.61428571
8/5/15,,43.96666667,,48.825,,36.7,53.71428571,,51.71428571,60.42857143,48.45714286,,48.21428571,,44.14285714,45.8
8/12/15,,41.37142857,,46.75714286,,38.75714286,48.32857143,,45.57142857,49.57142857,44.22857143,,44.67142857,,41.78571429,42.88571429
8/19/15,,39.41428571,,43.82857143,,37.11428571,45.48571429,,47.57142857,47,41.61428571,,43,,41.15714286,41.6
8/26/15,,32.22857143,,36.2,,30.34285714,38.32857143,,50.42857143,52.71428571,35.58571429,,38.48571429,,35.32857143,35.71428571
9/2/15,,37.26666667,,43.18333333,,37.33333333,44.84285714,,52.28571429,57.28571429,39.55714286,,36.51428571,,34.97142857,36.36666667
9/9/15,,34.08571429,,36.71428571,,26.14285714,42.27142857,,49,54,38.01428571,,37.38571429,,34.4,35.32857143
9/16/15,,25,,29.75714286,,16.74285714,33.7,,55.57142857,52.71428571,30.42857143,,32.6,,31.21428571,33.25714286
9/23/15,,22.1,,25.18571429,,19.08571429,30.25714286,,44.71428571,48.85714286,26.9,,31.1,,27.17142857,26.65714286
9/30/15,,20.15,,28.57142857,,25.77142857,32.22857143,,42.71428571,42.57142857,28.22857143,,30.34285714,,26.94285714,29.37142857
10/7/15,,,,24.75714286,,21.34285714,30.2,,43.14285714,41.57142857,27.2,,24.28571429,,25.37142857,26.62857143
10/14/15,,26.12857143,,26.11428571,,17.62857143,32.9,,32.14285714,39.85714286,31.18571429,,27.25714286,,28.3,28.65714286
10/21/15,,21.05714286,,23.82857143,,18.37142857,31.48571429,,31.16666667,32.42857143,28.97142857,,23.37142857,,25.34285714,25.9
10/28/15,,12.61428571,,17.48571429,,9.014285714,21.14285714,,29,26.85714286,17.58571429,,18.4,,17.27142857,20.34285714
11/4/15,,15.11428571,,20.2,,16.88571429,23.95714286,,31.28571429,36.14285714,20.45714286,,19.75714286,,19.28571429,21.14285714
11/11/15,,-3.271428571,,2.614285714,,-6.785714286,3.314285714,,31,29.85714286,-0.528571429,,-8.442857143,,-3.285714286,-6.085714286
11/18/15,,5,,3.228571429,,1.357142857,11.52857143,,32,21.14285714,8.742857143,,9.571428571,,9.228571429,8.9
11/25/15,,19.61428571,,20.67142857,,12.91428571,30.27142857,,,18.42857143,25.6,,20.71428571,,24.04285714,26.7
12/2/15,,-4.928571429,,0.142857143,,-15.2,4.328571429,,,28.28571429,2.185714286,,-6.428571429,,0.642857143,-1.2
12/9/15,,2.6,,1.828571429,,-5.2,9.914285714,,,16.57142857,7.542857143,,-3.257142857,,3.471428571,4.557142857
12/16/15,,5.742857143,,6.628571429,,-3.671428571,14.92857143,,,-8.428571429,11.61428571,,6.928571429,,12.04285714,13.14285714
12/23/15,,0.828571429,,1.757142857,,-4.185714286,10.14285714,,,3.428571429,9,,3.528571429,,6.028571429,6.828571429
12/30/15,,25.11428571,,29,,24.87142857,34.27142857,,,-11,29.07142857,,30.42857143,,26.9,29.62857143
1/6/16,,12.14285714,,17.14285714,,11.18571429,22.21428571,,,19.14285714,18.91428571,,4.528571429,,15.57142857,17.04285714
1/13/16,,0.542857143,,6.171428571,,-5.942857143,9.585714286,,,27.85714286,7.628571429,,0.257142857,,6.485714286,10.88571429
1/20/16,,2.4,,5.6,,-3.542857143,11.72857143,,,8.142857143,6.828571429,,0.171428571,,6.557142857,9.485714286
1/27/16,,18.08571429,,22.51428571,,20.27142857,26.6,,,-24.57142857,21.57142857,,12.25714286,,18.62857143,20.3
2/3/16,,8.885714286,,8.757142857,,5.5,19.32857143,,,-17.85714286,15.97142857,,-2.2,,12.91428571,16.94285714
2/10/16,,15.57142857,,14.17142857,,11.94285714,23.85714286,,,4.714285714,21.12857143,,16.06,,18.12857143,16.41428571
2/17/16,,8.928571429,,14.14285714,,13.34285714,18.9,,,-0.285714286,15.05714286,,5.7,,12.85714286,13.14285714
2/24/16,,20.74285714,,23.98571429,,21.48571429,31.65714286,,,-4.571428571,26.9,,22.77142857,,24.82857143,26.58571429
3/2/16,,3.2,,11.67142857,,8.285714286,15.44285714,,-3.833333333,3.571428571,10.9,,4.542857143,,10.11428571,12.32857143
3/9/16,,8.857142857,,9.685714286,,-8.657142857,19.01428571,,5,7.428571429,15.65714286,,6.742857143,,11.41428571,11.22857143
3/16/16,,-0.885714286,,5.8,,-8.357142857,10.68571429,,-7.428571429,-1.142857143,6.457142857,,4.514285714,,7.085714286,10
3/23/16,,25.81428571,,21.08571429,,8.3,32.92857143,,-6.833333333,0.714285714,29.91428571,,26.65714286,,26.74285714,26.04285714
3/30/16,,17.32857143,,15.65714286,,1.257142857,28.18571429,,14.71428571,21.14285714,27.48571429,,26.1,,24.68571429,26.87142857
4/6/16,,25.14285714,,24.38571429,,24.5,34.9,,13.28571429,14.57142857,30.58571429,,29.45714286,,27.94285714,28.52857143
4/13/16,,18.6,,22.34285714,,10.45714286,29.4,,13.42857143,12.71428571,25.47142857,,24.38571429,,23.42857143,26.34285714
4/20/16,,30.07142857,,33.27142857,,25.71428571,39.5,,10.85714286,14.28571429,35.34285714,,32.4,,34.42857143,36.88571429
4/27/16,,33.2,,41.01428571,,26.74285714,40.57142857,,22.14285714,24.14285714,35.78571429,,35.54285714,,32.3,34.67142857
5/4/16,,34.45714286,,40.71428571,,27.87142857,42.02857143,,14.71428571,21.14285714,37.57142857,,38.25714286,,34.24285714,32.82857143
5/11/16,,41.81428571,,45.2,,33.65714286,50.15714286,,22.42857143,23.28571429,45.55714286,,44.71428571,,42.41428571,43.17142857
5/18/16,,36.38571429,,40.21428571,,34.77142857,44.28571429,,23.85714286,20.42857143,40.71428571,,41.91428571,,38.97142857,40.3
5/25/16,,37.12857143,,45.04285714,,37.11428571,44.81428571,,25.16666667,23.42857143,40.32857143,,38.81428571,,37.41428571,39.18571429
6/1/16,,36.82857143,,43.81428571,,29.52857143,45.91428571,,21.71428571,25.57142857,42.21428571,,45.64285714,,40.65714286,38.91428571
6/8/16,,41.7,,47.51428571,,35.48571429,47.65714286,,32.42857143,32.85714286,44.28571429,,46.3,,42.1,42.42857143
6/15/16,,47.98,,52.04285714,,45.95714286,53.84285714,,40,41.14285714,49.2,,52.31428571,,46.27142857,46.24285714
6/22/16,,46.1,,55.67142857,,44.05714286,52.37142857,,39.14285714,39,47.97142857,,49.41428571,,43.27142857,46.08571429
6/29/16,,49.58571429,,57.75714286,,52.14285714,55.14285714,,45.85714286,46.85714286,51.74285714,,52.82857143,,49.82857143,50.65714286
7/6/16,,50.37142857,,54.84285714,,51.22857143,55.81428571,,48.85714286,46.42857143,50.34285714,,52.34285714,,48.1,47.15714286
7/13/16,,53.67142857,,59.51428571,,50.64285714,59.02857143,,44.85714286,47.85714286,54.67142857,,54.31428571,,51.01428571,51.11428571
7/20/16,,43.88571429,,50.01428571,,39.51428571,50.25714286,,51.57142857,56.57142857,46.2,,48.12857143,,44.24285714,45.98571429
7/27/16,,47.84285714,,49.5,,42.75714286,53.52857143,,50.85714286,57.14285714,49.22857143,,51.77142857,,48.64285714,47.64285714
8/3/16,,48.9,,51.08571429,,41.57142857,54.2,,55.14285714,63.71428571,50.74285714,,52.1,,49.65714286,50.67142857
8/10/16,,47.87142857,,53.44285714,,43.68571429,54.11428571,,50.57142857,56.28571429,48.24285714,,47.27142857,,43.68571429,44.81428571
8/17/16,,45.88571429,,49.21428571,,42.51428571,52.41428571,,46.71428571,52.42857143,48.37142857,,48.8,,45.7,45.18571429
8/24/16,,45.4,,50.88571429,,46.75714286,52.3,,49.28571429,54.85714286,46.84285714,,47.57142857,,44.14285714,46.14285714
8/31/16,,39.74285714,,46.37142857,,34.04285714,46.78571429,,51,50.28571429,42.58571429,,37.84285714,,39.07142857,40.5
9/7/16,,34.92857143,,39.58571429,,29.4,43.37142857,,50.57142857,49.42857143,38.95714286,,37.68571429,,35.75714286,34.37142857
9/14/16,,32.87142857,,31.81428571,,24.12857143,40.87142857,,43.42857143,45.14285714,38.24285714,,38.32857143,,35.81428571,35.22857143
9/21/16,,32.5,,35.15714286,,27.78571429,40.25714286,,48.85714286,50.71428571,36.12857143,,39.38571429,,35.3,34.61428571
9/28/16,,27.6,,32.65714286,,31.21428571,36.37142857,,38.42857143,37.57142857,32.41428571,,30.98571429,,30.02857143,30.28571429
10/5/16,,30.52857143,,32.41428571,,34.17142857,37.25714286,,42.28571429,46.57142857,32.05714286,,23.15714286,,25.68571429,28.3
10/12/16,,12.55714286,,25.24285714,,19.28571429,24.02857143,,38.71428571,41.42857143,18.42857143,,14.92857143,,20.42857143,23.9
10/19/16,,14.95714286,,14.72857143,,18.44285714,20.11428571,,34.42857143,38,16.72857143,,7.228571429,,12.08571429,10.38571429
10/26/16,,25.52,,27.14285714,,31.94285714,33.52857143,,34.85714286,32.71428571,28.62857143,27.7,19.9,,22.18571429,24.54285714
11/2/16,,14.6,,15.28571429,,6.9,20.35714286,,14.42857143,14,18.81428571,14.2,11.52857143,,16.5,15.61428571
11/9/16,,26.95714286,,21.9,,12.04285714,33.84285714,,15.57142857,18.85714286,29.02857143,12.14285714,17.32857143,,22.15714286,25.85714286
11/16/16,,6.285714286,,10.54285714,,10.91428571,14.1,,3,4.285714286,10.35714286,-2.571428571,0.757142857,,8.128571429,6.042857143
11/23/16,,-10.12857143,,-5.771428571,,-14.21428571,0.128571429,,9.142857143,11.14285714,-1.128571429,-6.885714286,-8.685714286,,-2.4,-6.285714286
11/30/16,,-12.05714286,,-10.32857143,,-7.614285714,-7.185714286,,10.42857143,13.42857143,-9.871428571,-17.88571429,-11.76666667,,-6.142857143,-5.114285714
12/7/16,,0.757142857,,10.25714286,,13.6,7.814285714,,13,17.85714286,4.514285714,-18.4,-22.25,,3.442857143,9.457142857
12/14/16,,14.28571429,,11.81428571,,14.88571429,18.64285714,,-6.142857143,-4.142857143,17.05714286,-1.514285714,,,12.88571429,12.07142857
12/21/16,,5.614285714,,4.5,,-3.885714286,11.92857143,,14,15.42857143,10.61428571,3.828571429,,,9.371428571,9.371428571
12/28/16,,12.04285714,,15.44285714,,13.48571429,20.02857143,,,-6.714285714,18.77142857,15.55714286,,,16.08571429,14.1
1/4/17,,8.485714286,,5.928571429,,13.24285714,11.42857143,,,13.5,10.6,-5.557142857,,,8.142857143,3.342857143
1/11/17,,-10.25714286,,-9.585714286,,-19.74285714,-3.7,,,-3.333333333,-5.042857143,-9.685714286,,,-4.557142857,-5.071428571
1/18/17,,-10.7,,-17.12857143,,-18.34285714,-8.157142857,,,3.142857143,-8.171428571,-30.01428571,-0.95,,-8.628571429,-9.285714286
1/25/17,,16.84285714,,18.1,,19.95714286,25.24285714,,,4,20.44285714,10.12857143,5.3,,17.2,19.32857143
2/1/17,,19.37142857,,19.48571429,,18.95714286,24.77142857,,-6,-1.714285714,20.47142857,-9.585714286,6.685714286,,16.94285714,14.88571429
2/8/17,,-3.371428571,,-8,,-14.94285714,1.371428571,,-8.142857143,5.285714286,-0.7,-13.17142857,-15.88,,0.242857143,-4.557142857
2/15/17,,10.47142857,,1.3,,-13.58571429,16,,-9.285714286,0.857142857,12.67142857,2.771428571,5.68,,9.585714286,10.02857143
2/22/17,,8.485714286,,7.6,,1.914285714,16.04285714,,3,16.14285714,15.05714286,18.48571429,3.266666667,,14.98571429,12.82857143
3/1/17,,-12.58571429,,-10.28571429,,-12.77142857,-6.871428571,,-4.571428571,-4.428571429,-12.55714286,-15.92857143,-18.21428571,,-16.42857143,-18.75714286
3/8/17,,-4.628571429,,-1.128571429,,2.185714286,3.142857143,,-4.5,-8.857142857,-3.457142857,-9.257142857,-8.985714286,,-5,-4.671428571
3/15/17,,,,-2.8,,-4.314285714,-3.957142857,,,2,-9.528571429,-18.31428571,-14.88571429,,-8.928571429,-8.871428571
3/22/17,,-1.02,,7.2,,1.557142857,7.428571429,,,15.71428571,2.257142857,-5.2,-4.528571429,,1.985714286,1.971428571
3/29/17,,20.81428571,,20.07142857,,5.728571429,29.27142857,,-1.571428571,2,25.47142857,24.48571429,19.85,,23.22857143,23.8
4/5/17,,16.18571429,,19.2,,18.81428571,27.47142857,,8.571428571,17.57142857,22.64285714,23.85714286,25.5,,21.71428571,24.2
4/12/17,,16.4,,23.28571429,,18.97142857,26.82857143,,15.85714286,25.28571429,22.32857143,27.21428571,20.42857143,,19.84285714,24.25714286
4/19/17,,17.11666667,,23.58571429,,13.74285714,28.11428571,,11.71428571,15.85714286,24.3,29.2,21.67142857,,22.1,26.68571429
4/26/17,,27.12857143,,29.94285714,,20.25714286,36.85714286,,-3.857142857,0.857142857,32.71428571,32.41428571,31.12857143,,30.31428571,32.4
5/3/17,,35.61428571,,40.97142857,,28.37142857,42.35714286,,3.285714286,9.285714286,37.28571429,44.47142857,35.51428571,,35.85714286,37.04285714
5/10/17,,37.51428571,,42.44285714,,29.78571429,44.87142857,,27.85714286,28.71428571,40.08571429,42.11428571,39.81428571,,36.87142857,39.01428571
5/17/17,,39.67142857,,45.44285714,,31.65714286,46.34285714,,21.85714286,20.71428571,41.47142857,45.41428571,42.05714286,,38.84285714,37.61428571
5/24/17,,33.98571429,,38.3,,36.07142857,41.75714286,,31.14285714,33.57142857,36.42857143,41.28571429,37.25714286,,34.42857143,34.92857143
5/31/17,,42.47142857,,50.27142857,,34.75714286,49.71428571,,30.57142857,33.28571429,45.07142857,49.9,42.97142857,,40.58571429,45.38571429
6/7/17,,46.12857143,,53,,35.08571429,53.97142857,,33,34.28571429,50.28571429,56.64285714,50.97142857,,49,52.18571429
6/14/17,,43.71428571,,50.48571429,,42.92857143,50.37142857,,38.42857143,40.71428571,44.57142857,51.64285714,43.97142857,,38.95714286,40.32857143
6/21/17,,50.04285714,,54.05714286,,46.5,55.45714286,,39.28571429,41.71428571,49.74285714,54.7,49.75714286,,44.5,43.1
6/28/17,,52.67142857,,59.98571429,,51.28571429,57.71428571,,42,44.57142857,51.87142857,55.85714286,54.7,,49.18571429,49.21428571
7/5/17,,53.7,,60.21428571,,51.91428571,59.12857143,,46,49.57142857,53.17142857,58.85714286,53.37142857,,49.61428571,50.37142857
7/12/17,,54.94285714,,62.88571429,,54.02857143,58.7,,46.14285714,48,54.08571429,61.65714286,55.6,,51.5,51.12857143
7/19/17,,51.62857143,,56.84285714,,49.6,56.77142857,,41.42857143,45.28571429,52.21428571,59.15714286,53.57142857,,49.1,49.42857143
7/26/17,,50.94285714,,56.07142857,,51.22857143,56.72857143,,48.57142857,50.28571429,50.31428571,56.74285714,50.32857143,,46.47142857,47.82857143
8/2/17,,50.64285714,,54.75714286,,49.55714286,56.71428571,,40.85714286,46.42857143,52.38571429,57.45714286,51.87142857,,47.8,47.85714286
8/9/17,,49,,51.71428571,,42.02857143,55.94285714,,46.85714286,46.28571429,50.07142857,51.88571429,49.98571429,,47.81428571,48.41428571
8/16/17,,39.54285714,,43.6,,38.48571429,45.64285714,,46.42857143,51.71428571,41.65714286,46.57142857,41.7,38.93333333,37.97142857,40.24285714
8/23/17,,41.37142857,,42.31428571,,31.85714286,47.73333333,,52.28571429,61.57142857,43.85,48.72857143,45.03333333,46.01428571,43.78333333,44.74285714
8/30/17,,41.24285714,,40.98571429,,32.07142857,47.52857143,,50.14285714,58.85714286,42.61428571,42.15714286,41,42.27142857,39.4,41.22857143
9/6/17,,38.14285714,,42.94285714,,34.08571429,45.8,,44.42857143,51.14285714,41.44285714,44.75714286,42.47142857,37.1,40.5,40.01428571
9/13/17,,41.42857143,,44.38571429,,41.37142857,47.92857143,,40.85714286,49.28571429,42.48571429,47.94285714,40.95714286,38.35714286,38.74285714,39.51428571
9/20/17,,31.32857143,,35.54285714,,23.02857143,39.05714286,,47.14285714,41.42857143,36.54285714,38.65714286,37.65714286,37.12857143,37.07142857,36.82857143
9/27/17,,28.71428571,,31.65714286,,27.7,35.85714286,,45,51.28571429,32.52857143,38.2,32.64285714,34.45714286,31.28571429,33.41428571
10/4/17,,30.51428571,,33.04285714,,27.12857143,39.56666667,,39.42857143,42.14285714,35.41666667,37.51428571,36.81666667,34.7,34.16666667,35.11428571
10/11/17,,20.58571429,,25.15714286,,18.5,28.61428571,,35.14285714,36.71428571,28.1,34.01428571,29.48571429,26.14285714,24.7,25.18571429
10/18/17,,9.457142857,,9.685714286,,7.828571429,17.38571429,,30.71428571,28.57142857,20.1,11.54285714,9.285714286,13.34285714,11.74285714,9.828571429
10/25/17,,25.58571429,,25.87142857,,22.04285714,33.92857143,,34.57142857,35.14285714,29.75714286,31.77142857,31.67142857,26.55714286,28.61666667,29.52857143
11/1/17,,16.27142857,,17.74285714,,24.74285714,22.81666667,,34.28571429,34.71428571,20.57142857,28.12857143,19.17142857,19.28571429,,17.21428571
11/8/17,,10.12857143,,13.2,,14.3,16.58333333,,19.57142857,24.28571429,14.42857143,20.77142857,16.94285714,4.571428571,,13.04285714
11/15/17,,-1.86,,4.957142857,,3.542857143,5.085714286,,17.57142857,17.42857143,0.95,-0.4,-6.885714286,-6.271428571,-7.7,0.8
11/22/17,,-0.714285714,,0.928571429,,6.457142857,5.9,,8.857142857,9.285714286,3.2,-2.257142857,-3.385714286,-17.64285714,2.571428571,4.485714286
11/29/17,,17.52857143,,15.17142857,,10.38571429,24.82857143,,12.57142857,9.714285714,22.17142857,8.785714286,7.5,-7.9,19.64285714,20.64285714
12/6/17,,23.92857143,,23.37142857,,13.94285714,32.48333333,,1.714285714,1.571428571,27.3,23.68571429,29.7,18.88571429,26.45,28.85714286
12/13/17,,19.61428571,,21.47142857,,14.32857143,27.52857143,,-4.142857143,1.428571429,24.6,28.1,22.65714286,8.485714286,21.5,23.85714286
12/20/17,,24.47142857,,24.04285714,,27.21428571,29.1,,13.71428571,9.428571429,24.25714286,21.11428571,15.24285714,-19.61428571,19.9,21.38571429
12/27/17,,7.314285714,,5.457142857,,2.585714286,11.48571429,,15,16.14285714,9.671428571,-0.757142857,-2.185714286,-22.52857143,8,6.928571429
1/3/18,,6.128571429,,12.04285714,,11.2,15.81428571,,8.857142857,13.85714286,11.67142857,-1.214285714,1.071428571,-7.485714286,11.74285714,12.68571429
1/10/18,,14.42857143,,8.914285714,,15.27142857,20.77142857,,-10.71428571,-4.142857143,16.74285714,5.342857143,6.5,-10.77142857,13.9,18.27142857
1/17/18,,4.1,,-3.985714286,,-8.2,6.414285714,,-10,-9.857142857,4.4,5.257142857,6.142857143,2.114285714,4.757142857,3.914285714
1/24/18,,-12.95714286,,-12.08571429,,-13.02857143,-7.2,,-6.571428571,-6.571428571,-10.41428571,-28.25714286,-12.8,-17.38571429,-6.728571429,-8.642857143
1/31/18,,1.671428571,,5.885714286,,5.157142857,7.057142857,,9.428571429,11.42857143,3.885714286,-17.55714286,-13.17142857,-34.25714286,1.614285714,7.9
2/7/18,,18.02857143,,17.12857143,,20.62857143,21.2,,1.142857143,3.571428571,17.55714286,1.528571429,2.914285714,-25,14.91428571,14.12857143
2/14/18,,10.84285714,,13.05714286,,19.52857143,19.35714286,,0.428571429,1.285714286,17.74,23.28571429,17.45714286,9.071428571,16.25714286,15.15714286
2/21/18,,3.571428571,,5.642857143,,4.128571429,11.3,,-16.57142857,-13.57142857,19.6,17.28571429,12.52857143,7.485714286,8,8.928571429
2/28/18,,2.128571429,,3.5,,7.171428571,8.342857143,,9,6.857142857,8.875,9.157142857,1.257142857,-3.271428571,2.285714286,1.157142857
3/7/18,,11.78571429,,15.12857143,,7.3,22.92857143,,4.714285714,6.142857143,16.3,16.77142857,15.47142857,11.84285714,13.82857143,16.17142857
3/14/18,,16.9,,11.62857143,,6.3,24.78571429,,-15,-9.142857143,22.27142857,22.82857143,22.31428571,19.37142857,21.11428571,20.55714286
3/21/18,,4.057142857,,9.285714286,,11.24285714,13.62857143,,8.285714286,8.714285714,9.028571429,13.38571429,0.557142857,-3.857142857,6.457142857,11.01428571
3/28/18,,10.54285714,,17.48571429,,11.74285714,20.85714286,,-22.14285714,-16.71428571,15.38571429,17.44285714,14.78571429,14.54285714,10.77142857,11.54285714
4/4/18,,8.628571429,,14.61428571,,9,20.11428571,,-13,-13.71428571,16.35714286,19.57142857,12.08571429,11.27142857,14.53333333,19.57142857
4/11/18,,16.27142857,,21.71428571,,11,26.24285714,,-12.83333333,-5.666666667,22.05714286,26.31428571,21.38571429,24.42857143,21.32857143,24.28571429
4/18/18,,13.82857143,,17.15714286,,7.357142857,25.58333333,,-0.714285714,4.714285714,21.31666667,23.74285714,19.3,28.05714286,20.53333333,22.11428571
4/25/18,,25.74285714,,31.25714286,,24.82857143,34.97142857,,31,30.71428571,30.05714286,36.72857143,33.68571429,29.78571429,28.35714286,30.24285714
5/2/18,,24.95714286,,28.82857143,,18.12857143,33.45714286,,16.57142857,22.28571429,28.77142857,38.12857143,33.05714286,31.57142857,28.98571429,28.84285714
5/9/18,,36.38571429,,40.37142857,,33.95714286,44.4,,15.42857143,23.14285714,38.94285714,43.6,36.61428571,36.87142857,36.48571429,39.07142857
5/16/18,,36.18571429,,39.24285714,,28.52857143,43.55714286,,20,20.71428571,39.32857143,44.14285714,39.27142857,39.72857143,37.47142857,39.24285714
5/23/18,,36.4,,45.38571429,,32.57142857,43.84285714,,26,27,40.21428571,44.17142857,38.48571429,38,36.94285714,37.98571429
5/30/18,,41.71428571,,48.05714286,,41.01428571,48.32857143,,16.57142857,19.57142857,42.87142857,46.45714286,41.07142857,42.87142857,38.42857143,41.77142857
6/6/18,,40.7,,48.15714286,,28.68571429,46.82857143,,25.28571429,24.71428571,41.88571429,47.98571429,42.67142857,44,38.61428571,41.31428571
6/13/18,,40.61428571,,42.34285714,,33.51428571,48.41428571,,33.42857143,38.42857143,44.24285714,50.74285714,45.74285714,49.52857143,40.67142857,40.04285714
6/20/18,,49.2,,53.65714286,,42.72857143,54.47142857,,38.14285714,43.71428571,49.18571429,52.67142857,50.98571429,50.8,47.45714286,47.9
6/27/18,,46.54285714,,54.65714286,,50.27142857,52.82857143,,40.85714286,45.28571429,49.37142857,55.8,50.12857143,49.75714286,44.58571429,47.05714286
7/4/18,,50.85714286,,54.84285714,,45.55714286,56.65714286,,41.42857143,43.14285714,52.3,59.88571429,54.5,55.47142857,48.34285714,47.91428571
7/11/18,,43.95714286,,50.51428571,,45.57142857,50.88571429,,40.42857143,39.14285714,45.61428571,54.64285714,48.24285714,46.44285714,44.24285714,45.14285714
7/18/18,,52.52857143,,56.02857143,,48.65714286,58.47142857,,46.14285714,45.57142857,52.32857143,54.5,52.17142857,51.04285714,47.15714286,47.77142857
7/25/18,,55.74285714,,60.6,,54.01428571,62.47142857,,54.42857143,57.85714286,56.07142857,60.08571429,53.08571429,57.12857143,48.24285714,46.72857143
8/1/18,,48.27142857,,49.9,,40.2,54,,47.28571429,50,49.9,56.17142857,52.27142857,55.85,49.41428571,49.47142857
8/8/18,,41.54285714,,47.08571429,,32.67142857,49.12857143,,50.2,55.8,43.1,48.48571429,45.12857143,48.6,42.05714286,42.22857143
8/15/18,,42.21428571,51.24,45.67142857,,42.25714286,49.15714286,,46.57142857,54.57142857,45.47142857,52.94285714,47.9,46.12857143,44.18571429,44.3
8/22/18,,38.08571429,50.41428571,44.1,,37.85714286,45.44285714,,44.28571429,47.85714286,41.94285714,49.37142857,44.1,46.04285714,40.47142857,42.48571429
8/29/18,,36.38571429,45.82857143,39.14285714,,32.6,42.15714286,,49.42857143,53.57142857,39.68571429,46.45714286,43.24285714,42.2,39.87142857,39.87142857
9/5/18,,37.22857143,43.68571429,43.92857143,,38.71428571,43.94285714,,51.42857143,54.85714286,39,38.34285714,37.51428571,36.8,37.32857143,37.92857143
9/12/18,,39.07142857,48.52857143,43.27142857,,41.27142857,45.6,,46.14285714,54.28571429,41.45714286,45.17142857,39.14285714,36.88571429,37.12857143,40.55714286
9/19/18,,35.7,44.11428571,34.8,,28.04285714,41.47142857,,40.57142857,48.28571429,38.98571429,45.01428571,41.62857143,36.44285714,39.14285714,39.25714286
9/26/18,,34.82857143,42.25714286,36.02857143,23.2,36.67142857,40.87142857,,42.14285714,43.57142857,36.6,35.02857143,31.24285714,25.1,33.25714286,37.08571429
10/3/18,,25.51428571,39.94285714,30.48571429,32.35714286,34.51428571,35.87142857,,36.71428571,36.42857143,31.44285714,31.77142857,22.78571429,24.88571429,25.25714286,26.48571429
10/10/18,,29.15714286,36.35714286,30.5,34.52857143,27.18571429,37.68571429,,37.14285714,39.71428571,34.3,35.05714286,34.17142857,27.77142857,31.5,36.35714286
10/17/18,,31.02857143,34.81428571,32.34285714,34.61428571,23.62857143,38.72857143,,37.71428571,39,33.38571429,31.71428571,29.5,30.64285714,28.77142857,31.25714286
10/24/18,,24.75714286,24.95714286,22.81428571,29.21428571,12.82857143,35.34,,35.28571429,33.71428571,30.58,27.94285714,28.74,20.54285714,28.54,27.3
10/31/18,,16.6,10.02857143,15.24285714,-6.557142857,19.94285714,22.37142857,,30.85714286,31.57142857,16.98571429,1.585714286,1.171428571,-11.57142857,10.57142857,11.57142857
11/7/18,,12.07142857,20.25714286,16.35714286,16.12857143,12.07142857,17.9,,27.28571429,35.28571429,17.42857143,16.32857143,13.34285714,5.8,14.75714286,17.21428571
11/14/18,,18.71428571,17.74285714,15.84285714,11.37142857,16.45714286,23.95714286,,24.28571429,25.42857143,19.4,8,12.77142857,11.88571429,18.8,24.74285714
11/21/18,,12.18571429,12.47142857,12.31428571,12.97142857,-4.428571429,19.28571429,,-4,-1.857142857,18.95714286,13.58571429,10.47142857,7.728571429,15.34285714,17.21428571
11/28/18,,18.91428571,21.02857143,20.12857143,8.185714286,18.62857143,25.31428571,,9.142857143,9.142857143,21.41428571,16.58571429,18.47142857,1.657142857,18.22857143,18.42857143
12/5/18,,18.88571429,18.6,16.25714286,15.92857143,-2.685714286,26.52857143,,3.428571429,7.714285714,22.6,16.12857143,14.82857143,6.128571429,21.18571429,22.98571429
12/12/18,,4.5,-6.2,0.142857143,-4.442857143,-13.14285714,6.042857143,,-13.85714286,-4.285714286,5.414285714,-9.385714286,0.971428571,-3.285714286,4.471428571,3.628571429
12/19/18,,1.128571429,-15.37142857,1.428571429,-12.18571429,-12.27142857,5.014285714,,1,4.714285714,1.514285714,-12.7,-6.6,-13.54285714,0.557142857,2.771428571
12/26/18,,9.728571429,4.314285714,8.157142857,2.057142857,7.357142857,16.27142857,,-7.285714286,-1.571428571,13.12857143,6,4.685714286,-10.48571429,9.642857143,11.4
1/2/19,,-3.3,-8.971428571,-1.2,-12.12857143,-2.928571429,4.414285714,,-7.428571429,-6,1.214285714,-19.98571429,-9.585714286,-25.31428571,-2.242857143,-6.3
1/9/19,,-4.314285714,-18.88571429,-5.757142857,-18.25714286,-12.87142857,0.742857143,,-3,4.285714286,-1.128571429,-21.04285714,-10.51428571,-31.02857143,-3.785714286,-8.042857143
1/16/19,,-3.685714286,-0.828571429,0.328571429,-11.95714286,2.628571429,5.557142857,,-16.14285714,-8.142857143,2.114285714,-8.271428571,-10.05714286,-2.228571429,2.557142857,-2.228571429
1/23/19,,20.88571429,26.58571429,21.01428571,12.82857143,19.82857143,28.71428571,,-20.85714286,-18.28571429,24.8,16.57142857,19.71428571,0.742857143,21.4,24.38571429
1/30/19,,2.314285714,6.557142857,8.871428571,0.1,5.971428571,9.485714286,,-12.28571429,1,7.571428571,5.557142857,-4.385714286,-14.11428571,3.142857143,9.142857143
2/6/19,,17.08571429,27.41428571,19.34285714,4.914285714,19.78571429,24.4,,13.71428571,20.85714286,22.44285714,25.3,17.22857143,-3.485714286,20.24285714,20.82857143
2/13/19,,6.142857143,6.185714286,4.414285714,-1.4,0.785714286,12.9,,9.833333333,18,9.285714286,3.914285714,6,2.271428571,7.528571429,9.571428571
2/20/19,,9.585714286,17.18571429,13.98571429,-2.428571429,17.77142857,17.15714286,,-3,3.857142857,11.91428571,3.3,0.585714286,-7.857142857,6.285714286,7.071428571
2/27/19,,20.84285714,23.52857143,19.42857143,-4.457142857,24.55714286,24.5,,1.4,11.57142857,20.27142857,6.028571429,11,-5.814285714,15.4,15.47142857
3/6/19,,20.6,29.78571429,20.9,15.64285714,10.5,29.35714286,,0.2,9.857142857,25.34285714,30.22857143,24.45714286,11.81428571,21.54285714,23.45714286
3/13/19,,22.24285714,23.28571429,23.37142857,28.64285714,14.7,34.17142857,,-9.333333333,-9.714285714,29.45714286,30.54285714,32.34285714,23.48571429,28.72857143,26.02857143
3/20/19,,25.57142857,28.12857143,23.68571429,31,19.81428571,36.04285714,,-8,0.428571429,32.65714286,26.35714286,31.61428571,28.81428571,31.32857143,31.52857143
3/27/19,,27.43333333,33.21428571,28.98571429,25.45714286,23.02857143,34.94285714,,10.85714286,12.85714286,31.18571429,29.62857143,30.14285714,27.85714286,26.64285714,23.98571429
4/3/19,,12.72857143,24.77142857,16.05714286,28.58571429,3.528571429,23.6,,8.571428571,14.57142857,19.44285714,22.3,18.55714286,22.45714286,17.84285714,20.48571429
4/10/19,,25.74285714,32.11428571,26.7,26.68571429,18.87142857,34.95714286,,-5.428571429,5.714285714,29.98571429,31.28571429,32.41428571,28.04285714,29.08571429,29.34285714
4/17/19,,23.91428571,25.21428571,25.37142857,31.38571429,6.271428571,30.44285714,,15.57142857,16.85714286,25.92857143,31.67142857,32.01428571,27.85714286,28.84285714,27.85714286
4/24/19,,24.11428571,33.78571429,29.07142857,26.28571429,21.78571429,33.57142857,,-7,0,28.54285714,29.75714286,27.25714286,24.31428571,24.04285714,25.01428571
5/1/19,,23.37142857,38.21428571,29.47142857,33.97142857,23.07142857,34.92857143,,16.28571429,13.71428571,32,33.94285714,31.77142857,34.81428571,29.88571429,30.98571429
5/8/19,,36.08571429,42.21428571,36.85714286,35.45714286,31.6,42.95714286,,10.28571429,15.42857143,38.78571429,47.41428571,39.11428571,38.88571429,37.27142857,38.2
5/15/19,,42.75714286,46.72857143,44.95714286,33.9,39.84285714,48.51428571,,13.14285714,12.85714286,43.05714286,45.75714286,41.84285714,41.32857143,39.88571429,40.34285714
5/22/19,,48.7,50.17142857,50.87142857,46.2,43.32857143,54.25714286,,27.28571429,34.28571429,49.21428571,52.54285714,49.94285714,54.18571429,45.38571429,46.02857143
5/29/19,,42.77142857,51.3,51.17142857,40.71428571,41.62857143,48.87142857,,42.57142857,40.14285714,43.7,49.44285714,44.48571429,45.47142857,40.17142857,42.15714286
6/5/19,,45.37142857,54.24285714,50.87142857,41.35714286,42.92857143,50.6,,32.85714286,34.42857143,44.67142857,47.82857143,44.57142857,41.61428571,39.84285714,39.52857143
6/12/19,,47.21428571,57.9,52.34285714,48.61428571,37.27142857,54.65714286,,38.28571429,39.85714286,49.67142857,55.11428571,51.37142857,48.2,46.92857143,46.24285714
6/19/19,,54.41428571,58.77142857,58.87142857,56.48571429,47.17142857,58.87142857,,40.5,38.14285714,53.58571429,57.37142857,54.47142857,55.47142857,47.98571429,48.5
6/26/19,,52.9,61.12857143,58.72857143,59.97142857,48.74285714,58.82857143,,42.14285714,43.42857143,53.31428571,58.18571429,53.12857143,57.92857143,47.75714286,47.55714286
7/3/19,,54.14285714,62.5,59.74285714,62.52857143,53.5,59.17142857,,44.14285714,46.14285714,54.71428571,56.55714286,55.64285714,58.18571429,50.82857143,50.81428571
7/10/19,,55.22857143,61.44285714,62.75714286,55.67142857,51.11428571,60.57142857,,46,50.85714286,55.35714286,60.87142857,56.01428571,56.22857143,49.94285714,49.64285714
7/17/19,,51.27142857,57.82857143,54.85714286,56.97142857,47.58571429,56.8,,44.57142857,47.71428571,51.78571429,56.67142857,52,57.71428571,48.05714286,50.62857143
7/24/19,,50.1,54.27142857,55.8,48.32857143,52.45714286,55,,45.85714286,50.57142857,50.94285714,56.85714286,52.51428571,51.77142857,48.78571429,49.2
7/31/19,,46.17142857,54.71428571,49.02857143,52.64285714,43.8,51.78571429,,47.85714286,52.42857143,48.68571429,56.91428571,52.77142857,57.51428571,49.05714286,47.05714286
8/7/19,,46.17142857,54.11428571,51.07142857,50.3,42.51428571,52.6,,47.14285714,47.28571429,49.375,53.44285714,49.6,47.95714286,46.325,44.61428571
8/14/19,,38.62857143,48.04285714,44.11428571,49.54285714,36.34285714,45.45714286,,46.14285714,50,42.02857143,46.84285714,44.51428571,46.5,42.15714286,42.88571429
8/21/19,,36.22857143,45.62857143,42.01428571,38.84285714,34.61428571,44.88571429,,48,50.57142857,40.3,42.84285714,39.31428571,39.21428571,35.28571429,35.05714286
8/28/19,,41,50.82857143,45.21428571,40.9,37.52857143,47.84285714,,40.85714286,44.85714286,44.05714286,44.88571429,43.2,42.32857143,41.11428571,42.78571429
9/4/19,,44.35714286,49.02857143,48.78571429,36.48571429,45.28571429,51.47142857,,43.42857143,45.57142857,45.68571429,46.31428571,42.58571429,41.34285714,40.14285714,41.34285714
9/11/19,,38.15714286,47.28571429,42.87142857,41.75714286,32.97142857,46.21428571,45.42857143,47.42857143,52.57142857,42.15714286,43.48571429,39.18571429,42.61428571,39.6,40.11428571
9/18/19,,30.84285714,36.78571429,31.74285714,42.7,24.92857143,39.15714286,37.14285714,44.42857143,51.42857143,34.67142857,38.84285714,34.55714286,41.14285714,32.85714286,32.65714286
9/25/19,,30.82857143,39.84285714,33.04285714,34.81428571,31,37.52857143,38.1,42.71428571,48.14285714,34.04285714,36.91428571,34.95714286,36.45714286,33.2,35.54285714
10/2/19,,22.92857143,35.7,27.32857143,25.44285714,23.34285714,31.25,36.32857143,50.14285714,47.57142857,28.2,36.05714286,31.9,29.01428571,28.91666667,28.2
10/9/19,30,18.9,30.05714286,22.92857143,26.1,21.71428571,27.73333333,27.85714286,37.14285714,37.28571429,31,32.91428571,27.26666667,28.1,24.36666667,26.37142857
10/16/19,24.42857143,16.71428571,24.71428571,21.71428571,13.85714286,18.57142857,,22,42.85714286,43,,22.28571429,,,,23.57142857
10/23/19,39.42857143,26.42857143,32,24.42857143,37.42857143,16.71428571,,35.42857143,36.71428571,38.14285714,,32.28571429,,,,30.28571429
10/30/19,22,17.28571429,10.57142857,13.57142857,29.85714286,15.57142857,,15.71428571,19.85714286,21.42857143,,16.28571429,,,,19
11/6/19,30.85714286,11.42857143,16.42857143,15.28571429,16.28571429,16.14285714,,17.28571429,28.57142857,26,,13.14285714,,,,23.57142857
11/13/19,7.714285714,-9.857142857,-1.714285714,-0.571428571,12.14285714,-13.28571429,,2.428571429,32.28571429,32.57142857,,2.285714286,,,,2.714285714
11/20/19,21.42857143,16,16.14285714,13.57142857,21.14285714,0,,16.71428571,8.142857143,14,,20.28571429,,,,23.57142857
11/27/19,16.71428571,12,17.66666667,13.16666667,24.14285714,10.85714286,,22.28571429,26,,,22.42857143,,,,19
12/4/19,15.85714286,8.428571429,3.285714286,8.571428571,4.857142857,7.142857143,,2.285714286,,,,-0.428571429,,,,9.714285714
12/11/19,20.57142857,18.42857143,7.571428571,18.71428571,-4.714285714,24.28571429,,-0.571428571,,,,6.142857143,,,,25.57142857
12/18/19,-3.857142857,-10.42857143,-18.42857143,-5.857142857,-8.571428571,-8.142857143,,-17.85714286,,,,-25.42857143,,,,-3.857142857
12/25/19,-21.83333333,-13.28571429,-23.71428571,-13.14285714,7.142857143,-25.57142857,,-20.85714286,,,,-15.85714286,,,,-1.857142857
1/1/20,-26.57142857,-12.57142857,-22,-5.285714286,-8.857142857,-22.42857143,,-32.28571429,,,,-21.85714286,,,,-6.857142857
1/8/20,-5.285714286,-6.714285714,-18.14285714,0.428571429,-31.42857143,5,,-32.28571429,,,,-20,,,,-2
1/15/20,-6.857142857,2.571428571,-9.714285714,2.857142857,-22.85714286,9.142857143,,-30,,,,-14,,,,-0.571428571
1/22/20,-8.142857143,-17.14285714,-20.28571429,-12.71428571,-6.428571429,-18.85714286,,-17,,,,-18.57142857,,,,-13.71428571
1/29/20,-5.571428571,-16.71428571,-12.42857143,-13.71428571,-6,-25.28571429,,-13.14285714,,,,-11,,,,-13.42857143
2/5/20,4.428571429,8.714285714,-10,-4.571428571,13.57142857,-19.71428571,,4.571428571,,,,5.571428571,,,,12.57142857
2/12/20,1,-14,-16.71428571,-11.57142857,-3.142857143,-8.857142857,,-13.14285714,,,,-23.28571429,,,,-11.85714286
2/19/20,1.857142857,12.8,1.714285714,2.142857143,11.71428571,2,,1.142857143,,,,-0.285714286,,,,4.428571429
2/26/20,-6.142857143,-10.42857143,-15,-8.142857143,1,-12.14285714,,-14.14285714,,,,-19,,,,-8.428571429
3/4/20,-4.142857143,-7,-10.28571429,-11.57142857,0.571428571,-10.14285714,,-11.42857143,,,,-12,,,,-9.428571429
3/11/20,14.42857143,3.857142857,17.14285714,8.571428571,-7.857142857,9.571428571,,4.857142857,,,,10.28571429,,,,3.714285714
3/18/20,30.42857143,17.85714286,30.57142857,18,15.85714286,16,,31.14285714,,,,31.85714286,,,,23.14285714
3/25/20,20.71428571,-0.714285714,14.42857143,6,12.28571429,0.571428571,,15.14285714,,,,14,,,,6.428571429
4/1/20,24.14285714,12.85714286,21.57142857,15,10.42857143,11.57142857,20,24,,,,27.71428571,,,,16.57142857
4/8/20,30,16.57142857,24.28571429,18.14285714,19.14285714,11.42857143,25.85714286,24,,,22.66666667,25.85714286,23.16666667,,31.66666667,16.42857143
4/15/20,39.57142857,31.42857143,37.71428571,33,34.85714286,21.14285714,37.85714286,38.42857143,,,35.28571429,36.71428571,35.85714286,,39.42857143,33.85714286
4/22/20,33.28571429,15.42857143,29.57142857,21.14285714,28.28571429,7.571428571,27.42857143,30.85714286,,,23.14285714,28.85714286,23.42857143,,30.16666667,20.14285714
4/29/20,36,20.71428571,34.57142857,25.57142857,28.71428571,18.57142857,31.57142857,34.14285714,,,26.85714286,33,26.85714286,,24.71428571,27.28571429
5/6/20,44.85714286,44.42857143,47.14285714,43.42857143,35.28571429,35.57142857,51,43,,,44.14285714,46.28571429,38.57142857,,39.42857143,42.28571429
5/13/20,48.85714286,26.85714286,45.42857143,34.14285714,40.71428571,20.57142857,38,49.42857143,14.25,16.5,34.28571429,41,32.71428571,,32,33.85714286
5/20/20,45.57142857,42.14285714,48.71428571,47.71428571,40.71428571,42,49.14285714,47.57142857,29.63333333,25.61666667,44,47.85714286,43.14285714,,39.71428571,42
5/27/20,48.85714286,45.28571429,51.28571429,50.42857143,45,43,52,50.71428571,35.11428571,32.81428571,47.28571429,49.28571429,46.85714286,,44,47
6/3/20,48.28571429,45.71428571,50.57142857,51,42.28571429,46.28571429,51.57142857,50.85714286,28.45714286,30.94285714,46,50.28571429,43.71428571,,41.14285714,39.42857143
6/10/20,47.85714286,50.71428571,52.57142857,56,44.28571429,46.71428571,54.28571429,53.42857143,36.42857143,37.98571429,48.71428571,52.14285714,49,,44.14285714,45.42857143
6/17/20,49.85714286,47.71428571,56.14285714,56.57142857,47.57142857,43.14285714,52,53.85714286,40.92857143,47.1,47.57142857,57.71428571,49.42857143,,45.57142857,46.85714286
6/24/20,47.28571429,41.85714286,49,46.42857143,45.28571429,42.85714286,48.42857143,51.28571429,39.67142857,45.85714286,42.71428571,49.85714286,44.85714286,48.8,40.14285714,40.85714286
7/1/20,53,45.14285714,53.28571429,54.57142857,48.71428571,41.71428571,51.71428571,55.14285714,37.77142857,43.02857143,45.71428571,50.28571429,45.42857143,49.28571429,40.85714286,39.71428571
7/8/20,53.28571429,45.71428571,53.57142857,51,51.71428571,41.85714286,51.14285714,54.57142857,37.8,38.28571429,46.42857143,51.28571429,46.85714286,49.85714286,43.42857143,44.14285714
7/15/20,52.71428571,43.85714286,54.57142857,51.83333333,52.57142857,38.57142857,53.71428571,54.42857143,50.4,47.2,49.28571429,54.28571429,50,52.85714286,48,44.57142857
7/22/20,48.85714286,23.25,51.42857143,47.71428571,49.57142857,42,49.71428571,53.14285714,48.46666667,49.61666667,45.85714286,53.71428571,48.28571429,51.28571429,44.71428571,44.71428571
7/29/20,51.85714286,,54.71428571,52.42857143,50,43.71428571,54.71428571,55.85714286,50.42857143,50.04285714,50.14285714,55.71428571,52.28571429,55.57142857,48.85714286,48.42857143
8/5/20,47.71428571,,51.28571429,50.71428571,47.57142857,46.14285714,51.71428571,51.42857143,52.05714286,55.3,46.28571429,54.14285714,46.14285714,47,43.71428571,43.57142857
8/12/20,48.42857143,,52.28571429,54.57142857,48.85714286,46.57142857,50.14285714,50.28571429,49.48571429,55.32857143,45.42857143,47,43,48,42,41.14285714
8/19/20,51.42857143,47.66666667,52.42857143,55.57142857,46.71428571,49.42857143,54,53.42857143,58.68571429,59.77142857,49,50,48.71428571,49.28571429,46.42857143,47.42857143
8/26/20,48,42.42857143,48.85714286,47.85714286,46.85714286,35,48.14285714,46.57142857,51.95714286,54.55714286,43.5,49.85714286,44.14285714,46.71428571,43,43.42857143
9/2/20,41.28571429,39.71428571,44.28571429,43.28571429,41.71428571,37.85714286,44.57142857,43.85714286,51.32857143,54.48571429,40.28571429,47.71428571,43.42857143,41.57142857,,42.85714286
9/9/20,39.71428571,33.57142857,42.71428571,36.28571429,30.71428571,32.57142857,41.5,41.57142857,51.41428571,55.47142857,36.5,44,37.33333333,35.28571429,,35.85714286
9/16/20,43.42857143,35.57142857,43,37.71428571,37.42857143,34.28571429,42.42857143,42.28571429,45.27142857,50.98571429,38.57142857,42.14285714,40.57142857,36.42857143,,38
9/23/20,35.14285714,31.14285714,36.28571429,33.71428571,37.85714286,22.28571429,38.28571429,38.28571429,40.15714286,45.42857143,35.14285714,34.28571429,35,37,35.16666667,36.71428571
9/30/20,45.71428571,38.28571429,44,41.28571429,41.14285714,36.85714286,45.42857143,43.33333333,50.41428571,50.22857143,40.71428571,44.85714286,40,36.28571429,39.28571429,40.28571429
10/7/20,36.57142857,21.42857143,32.28571429,24.71428571,26.42857143,16.71428571,30,30.85714286,42.74285714,48.61428571,25.85714286,30.71428571,22.57142857,28.71428571,25,29.14285714
10/14/20,27.71428571,11,21,12.85714286,12,15.14285714,17.28571429,23.57142857,42.97142857,42.74285714,13.14285714,18.57142857,12.14285714,16.71428571,12.28571429,11.66666667
10/21/20,34.14285714,17.71428571,28.57142857,21.57142857,14.57142857,21.14285714,26,28.14285714,34.24285714,32.12857143,21.28571429,29.42857143,20.57142857,13.71428571,16.28571429,19.85714286
10/28/20,17,-0.714285714,8.142857143,1.142857143,4.714285714,8.285714286,6.857142857,8.428571429,30.05714286,34.24285714,1.857142857,2.285714286,-1,4.285714286,1.285714286,3.8
11/4/20,30.71428571,7.428571429,18.14285714,12.71428571,2.285714286,12.57142857,14,16.14285714,25.82857143,26.04285714,12.14285714,11,8.142857143,-2.857142857,10.71428571,
11/11/20,16.14285714,8.714285714,8.857142857,9.571428571,-5.142857143,9.142857143,15.71428571,10.85714286,27.24285714,26.2,13.42857143,4.142857143,8.428571429,5.142857143,10.14285714,
11/18/20,18.42857143,14.28571429,2.428571429,14.14285714,-17.14285714,21,19,-3.428571429,26.91428571,28.11428571,13.42857143,-0.142857143,1.571428571,-18.28571429,8.428571429,
11/25/20,20,15,13.14285714,13.42857143,11.42857143,5.428571429,21.28571429,13.57142857,18.55714286,20.62857143,18.42857143,11.14285714,13.71428571,-1.857142857,16.85714286,
12/2/20,4,1.857142857,3.428571429,7.571428571,9,5.571428571,11.71428571,2.142857143,28.97142857,29.88571429,8.857142857,5.285714286,4,8.857142857,9,
12/9/20,7.428571429,-1,-7.285714286,1.571428571,-3.857142857,-3.571428571,5.333333333,-2.142857143,33.17142857,30.95714286,3,-3.428571429,-2.5,-3,4.428571429,
12/16/20,4,-13.42857143,-7.571428571,-5.428571429,0.571428571,-11,-2,-7,22.6,23.84285714,-6,-6.857142857,-13.71428571,-11.42857143,-6.428571429,
12/23/20,27.42857143,18.42857143,18,18,7.857142857,15.42857143,28.25,13.85714286,14.97142857,18.45714286,23,6.857142857,17.75,-4.857142857,19.71428571,
12/30/20,6.428571429,-0.571428571,-2.571428571,2.142857143,-11.28571429,-9.285714286,8.5,-10.71428571,4.657142857,22.18571429,7.571428571,-4.142857143,-4.5,-11.28571429,5.142857143,
1/6/21,0.285714286,16.57142857,-1.714285714,18.28571429,-0.571428571,12,26,-1.428571429,0.585714286,8.671428571,22.42857143,8.142857143,10.6,-8.857142857,17.42857143,
1/13/21,6.857142857,15.57142857,12,14.85714286,9.428571429,5.857142857,27,8.571428571,2.828571429,8.557142857,23.14285714,2.142857143,14.28571429,-4.333333333,18,
1/20/21,23.71428571,13.28571429,16.71428571,16.57142857,7.571428571,14.71428571,22,16.85714286,11.47142857,15.34285714,17.14285714,7,7.285714286,,11.85714286,
1/27/21,-0.428571429,-9.714285714,-15.14285714,-7.285714286,-9.571428571,-16.14285714,-2.857142857,-9.714285714,2.942857143,10.65714286,-5.142857143,-18.42857143,-18.42857143,,-10,
2/3/21,3.142857143,-20.28571429,-14,-14.85714286,-14.14285714,-17.85714286,-13.85714286,-4.571428571,-0.414285714,7.328571429,-15.28571429,-22.85714286,-26.14285714,,-17.57142857,
2/10/21,15.85714286,9.857142857,-2.857142857,3.428571429,-16.28571429,-3.428571429,13.42857143,-1.285714286,-7.028571429,3.828571429,9.714285714,-6.428571429,-1.142857143,,4.714285714,
2/17/21,-6.857142857,-10.14285714,-17.57142857,-16,-2.428571429,-17.57142857,-4.285714286,-13.85714286,-23.71428571,-14.64285714,-4.714285714,-17.28571429,-7.571428571,,-5,
2/24/21,14.28571429,-6.714285714,-4.428571429,-5.571428571,6.285714286,-23.14285714,4.571428571,8.285714286,3.857142857,8.257142857,7.142857143,-2.428571429,1.142857143,,2.142857143,
3/3/21,13.57142857,7.428571429,8,4.285714286,-6.571428571,1.714285714,12.14285714,9.428571429,-6.714285714,2.4,10.85714286,-1.428571429,6.714285714,,7.428571429,
3/10/21,1.142857143,-2.571428571,-2.714285714,-4.142857143,3.142857143,-3,4.142857143,-5.857142857,-4.685714286,2,-0.571428571,-8,-7.285714286,,-5,
3/17/21,4.285714286,-4,6.142857143,-0.285714286,-4.285714286,-1.285714286,5.142857143,4.714285714,-0.028571429,6.057142857,-1.142857143,-5.428571429,-6,,-3.571428571,
3/24/21,24.71428571,7.428571429,16.85714286,7.285714286,16.57142857,0.428571429,17.42857143,22.28571429,23.21428571,25.88571429,14,23.42857143,17.28571429,,13.28571429,
3/31/21,14.14285714,3.714285714,7.285714286,0.857142857,15.57142857,-7.714285714,11.57142857,12.28571429,8.942857143,14.97142857,7.571428571,13.85714286,12.14285714,,9,
4/7/21,17.85714286,0,5.428571429,-0.142857143,8,-7,10.28571429,14.14285714,9.057142857,16.12857143,2.285714286,3.714285714,2.142857143,,-0.857142857,
4/14/21,32,32.71428571,34.71428571,32.28571429,31.14285714,26.14285714,40.28571429,32.42857143,8.914285714,11.61428571,34.14285714,31.57142857,32.14285714,,29.14285714,
4/21/21,38.57142857,30.28571429,37.85714286,36.42857143,30.14285714,30.14285714,39.14285714,33,5.5,17.72857143,34.14285714,31.71428571,29.14285714,,28.14285714,
4/28/21,34.42857143,25.71428571,30.85714286,27.28571429,31.57142857,16.71428571,34.28571429,31.85714286,0.92,11.28,28.71428571,31.42857143,29.42857143,,28,
5/5/21,41.14285714,32.71428571,42.85714286,37.14285714,34.71428571,19.28571429,42.28571429,42,27.77142857,32.42857143,37.71428571,39.42857143,35.42857143,,37.28571429,
5/12/21,44,34.71428571,45.14285714,41.42857143,37.42857143,26.14285714,42.14285714,44.42857143,31.78571429,33.11428571,38,43.42857143,37.57142857,,35.57142857,
5/19/21,39.85714286,37.14285714,41.71428571,42,40,31,44.85714286,44.28571429,23.68571429,27.22857143,39.85714286,41.71428571,38.42857143,,35.71428571,
5/26/21,49.14285714,33.14285714,48.42857143,40.71428571,41.28571429,21.57142857,42.57142857,48.42857143,26.28571429,36.34285714,38.42857143,45,39.85714286,,36,
6/2/21,43.28571429,43.14285714,45.28571429,46.28571429,42.85714286,40,49.42857143,46,33.8,33.94285714,44.85714286,48.57142857,44.28571429,,41.57142857,
6/9/21,48.71428571,46.57142857,51.14285714,51.42857143,45.14285714,46,53.42857143,51.57142857,40.34285714,40.44285714,47,53.28571429,46.28571429,,41.85714286,
6/16/21,54.14285714,51.42857143,56,58.28571429,48.14285714,47.85714286,55.71428571,53.14285714,37,41.31428571,51.28571429,53.14285714,51.57142857,,47,
6/23/21,51.14285714,50.71428571,53.71428571,55,50.42857143,50.14285714,57.57142857,51.14285714,43.12857143,39.7,51.57142857,56.57142857,54,,49.42857143,
6/30/21,51.71428571,51.57142857,53.42857143,53.85714286,50.28571429,45.85714286,57.57142857,52.85714286,41.11428571,40.38571429,52,55.28571429,53,,49.71428571,
7/7/21,50,46.28571429,51.85714286,50.28571429,45.71428571,46.28571429,51.71428571,49.85714286,44.3,45.24285714,45.42857143,48.85714286,46,,41.71428571,
7/14/21,54,52.14285714,58,57.14285714,51.14285714,51.42857143,58.42857143,56.28571429,47.02857143,45.57142857,52.85714286,58.42857143,52.71428571,,48.14285714,
7/21/21,51.71428571,50,52.57142857,52.71428571,54.85714286,50.57142857,53.8,54.28571429,45.72857143,45.27142857,50.2,56.57142857,52.8,56,48,
7/28/21,56.85714286,51.28571429,56.71428571,53.42857143,48.71428571,53,57.42857143,56.57142857,50.15714286,55.95714286,52.57142857,57.14285714,52.57142857,57.85714286,47.85714286,
8/4/21,51.71428571,46.57142857,56.85714286,53.28571429,51.28571429,40.71428571,54.14285714,54.28571429,49.28571429,61.5,49.57142857,55.57142857,50.85714286,56.28571429,48.85714286,
8/11/21,45.57142857,40,46.57142857,41.42857143,44.85714286,34.71428571,46.28571429,48.14285714,47.55714286,47.42857143,43.14285714,50.85714286,45.85714286,50.85714286,43.28571429,41
8/18/21,48,37.85714286,46,41.71428571,43,36.57142857,44.42857143,44,49.5,51.32857143,40.28571429,43.85714286,41.71428571,45,39.14285714,39.28571429
8/25/21,45.57142857,37.57142857,44.42857143,41.14285714,42.42857143,37.14285714,43.14285714,45.42857143,48.51428571,52.85714286,39.42857143,47.14285714,42.28571429,40.71428571,39.85714286,40.42857143
9/1/21,48.85714286,43.28571429,48.85714286,45.42857143,44.14285714,40.85714286,49.85714286,48.57142857,47.3,49.75714286,43.85714286,44.28571429,42,45.28571429,41.28571429,42
9/8/21,45.57142857,41.71428571,44.57142857,45.71428571,38.57142857,41.14285714,48.14285714,43.14285714,49.74285714,51.32857143,42.57142857,43.85714286,39.28571429,36.42857143,40.28571429,40.42857143
9/15/21,37.42857143,31.66666667,36,32.57142857,34.42857143,26.85714286,38.28571429,36.28571429,39.18571429,40.32857143,33.57142857,34.85714286,34.14285714,31.71428571,30.42857143,30
9/22/21,30.85714286,16.33333333,29.57142857,23.85714286,25.14285714,15.28571429,26.14285714,29.57142857,44.17142857,47.84285714,21.57142857,28.28571429,23.85714286,25.42857143,21.57142857,23.28571429
9/29/21,33.28571429,19.71428571,28.57142857,25.85714286,26.71428571,17.14285714,26.71428571,28.28571429,38.21428571,40.45714286,22.14285714,26.71428571,22.28571429,22.85714286,20,21.14285714
10/6/21,38,23.57142857,34.57142857,27.57142857,31.14285714,20.42857143,31.42857143,35,38.18571429,41.65714286,27.42857143,34.57142857,28.42857143,25.14285714,27,29.28571429
10/13/21,28.57142857,17.14285714,25.57142857,20,21,10.57142857,24.42857143,26,36.51428571,38.11428571,19.57142857,27.85714286,20.14285714,21.85714286,18.14285714,17.57142857
10/20/21,29.14285714,26.57142857,29,27.71428571,22,23.57142857,32.71428571,26.57142857,37.85714286,38.01428571,28.71428571,21.85714286,22,17.14285714,22.85714286,26.71428571
10/27/21,14.57142857,22.71428571,19.85714286,21,22.57142857,19.85714286,30.71428571,20.57142857,30.91428571,28.18571429,26.57142857,29,26.57142857,17.42857143,25.14285714,26.28571429
11/3/21,12.14285714,17.71428571,16.57142857,21,13.71428571,17.28571429,24.57142857,19.28571429,26.02857143,26.72857143,19.57142857,18.28571429,16.16666667,13.57142857,19.42857143,22.57142857
11/10/21,-5.714285714,-1.714285714,-4.857142857,1.714285714,-7.428571429,-1,0,-2.571428571,16.25714286,14.24285714,-1.285714286,-3.285714286,-10.14285714,-4.714285714,-4.571428571,-5.857142857
11/17/21,-24.28571429,-13.14285714,-15.85714286,-0.857142857,-12.42857143,-13.42857143,-4.5,-17.42857143,22.14285714,23.4,-11.5,-14.71428571,-12.16666667,-19.42857143,-9.333333333,-5
11/24/21,-22.57142857,-20.14285714,-18.57142857,-7.571428571,-16,-28.42857143,-9.857142857,-22.14285714,13.02857143,11.31428571,-15.85714286,-19.14285714,-20,-21,-12.57142857,-14.28571429
12/1/21,1.142857143,-5,1.571428571,0.714285714,1,-3.714285714,5.142857143,-0.857142857,5.157142857,12.41428571,0.857142857,-4.428571429,25,-19.28571429,-0.428571429,0.714285714
12/8/21,-7.166666667,-9.833333333,-14,-4.833333333,-2,-15.66666667,-0.857142857,-7.666666667,11.17142857,14.6,-5,-10.66666667,-8,-8.666666667,-3.857142857,-4
12/15/21,25.14285714,5.285714286,9.571428571,6.142857143,-9.285714286,6.857142857,11.85714286,10.71428571,14.38571429,18.74285714,11.14285714,6.857142857,7.428571429,-7.428571429,10,9.714285714
12/22/21,31,1.857142857,7,-2.571428571,-1.285714286,-5.428571429,8.285714286,20.14285714,6.485714286,11.08571429,3.8,11.71428571,8.142857143,3.428571429,8,6.857142857
12/29/21,3.714285714,-17,-14,-8,-7.142857143,-18.42857143,-6.714285714,1.857142857,-0.542857143,-1.371428571,,-9.285714286,-11.28571429,-7.714285714,-10.42857143,-4.428571429
1/5/22,-8.428571429,-9.714285714,-15.71428571,-1.571428571,-33,-6,-1.142857143,-17.71428571,16.47142857,14.9,-7,-17.71428571,-18.14285714,-37.42857143,-5.571428571,-2.714285714
1/12/22,8.428571429,6,7.428571429,3.142857143,2.571428571,-14.28571429,15.42857143,6.428571429,14.44285714,17.6,15.71428571,-1.285714286,5.285714286,-7.285714286,14.85714286,15
1/19/22,15.42857143,14.71428571,11.42857143,11,19.71428571,8.142857143,25.28571429,17.14285714,-9.414285714,14.32857143,22.57142857,9,15.71428571,9,21.42857143,22.14285714
1/26/22,-3.857142857,-9,-20,-3.857142857,2.142857143,-9.857142857,1.428571429,-10.42857143,-14.27142857,-5.614285714,-4,-17.28571429,-12.85714286,-8.571428571,-6.142857143,-1.714285714
2/2/22,1,-13,-14.57142857,-9.428571429,3.285714286,-18.71428571,-2.142857143,0,-15.62857143,-14.28571429,-4.857142857,-10.71428571,-9.857142857,-12.28571429,-4.714285714,-1
2/9/22,-3.857142857,-5.285714286,-15.71428571,-12.28571429,12.85714286,-17,-0.714285714,-6.714285714,18.45714286,21.62857143,1,-12.57142857,-6.142857143,-2.428571429,-1,-8.285714286
2/16/22,15,-4.285714286,-4.285714286,0,17.57142857,-2,5.571428571,10.14285714,-7.385714286,-0.828571429,3,-6.142857143,-4.142857143,4.571428571,2.285714286,-1.285714286
2/23/22,31.42857143,15.71428571,23,17.71428571,20.28571429,18.42857143,27.57142857,26.42857143,6.614285714,13.7,25.71428571,21.28571429,21.28571429,12.57142857,23,25.71428571
3/2/22,28.14285714,14.42857143,20.42857143,17.71428571,10.85714286,16.14285714,25,18.71428571,-5.885714286,10.31428571,19.42857143,20.57142857,18,14.14285714,16.42857143,20.28571429
3/9/22,21,-0.714285714,8.428571429,4.857142857,9.857142857,-5.285714286,8.428571429,10.71428571,14.32857143,19.14285714,3,3.857142857,-3.428571429,-2.571428571,1.428571429,5.285714286
3/16/22,7.285714286,-1.857142857,2.857142857,4.428571429,18.57142857,-8.857142857,7.428571429,3,24.48333333,26.35,3.428571429,-0.142857143,-3.857142857,8.142857143,4.571428571,5.285714286
3/23/22,23.57142857,8.142857143,19.42857143,13.28571429,20.71428571,11.14285714,19.71428571,18.14285714,20.58571429,22.64285714,16.71428571,13.57142857,12,12.28571429,14.57142857,19.71428571
3/30/22,27.85714286,-1.857142857,13.42857143,3.571428571,20.42857143,-10.57142857,9,19.57142857,-6.628571429,7.785714286,5.714285714,9,-0.142857143,12.71428571,3.714285714,7.714285714
4/6/22,18.42857143,12.57142857,16.71428571,12.14285714,14.57142857,12.71428571,22.28571429,12.85714286,-5.171428571,-4.385714286,18,20.28571429,17.85714286,14.28571429,15.71428571,15.57142857
4/13/22,36,14.42857143,32,20.14285714,16.14285714,16,25,29.42857143,4.228571429,5.585714286,19,27.85714286,16,14.85714286,16.28571429,21.42857143
4/20/22,32.14285714,28.42857143,35.71428571,33.14285714,25.28571429,27.57142857,37,32,11.45714286,14.12857143,30.57142857,30.28571429,27.57142857,25.42857143,26,29.85714286
4/27/22,37.57142857,31.57142857,38.42857143,36.57142857,31.71428571,24.42857143,39.85714286,34.57142857,23.3,24.57142857,33.71428571,35,31.42857143,30.71428571,31.71428571,33.57142857
5/4/22,32.42857143,29.71428571,35.42857143,33.71428571,28.14285714,17.85714286,36.14285714,34.57142857,17.78571429,21.44285714,32.28571429,36.14285714,33.85714286,31.42857143,32,32.71428571
5/11/22,35.42857143,25.71428571,35.42857143,31,32.85714286,20.28571429,33.71428571,35.14285714,14.25714286,14.25714286,29.85714286,36.71428571,33.71428571,33.57142857,30,31.71428571
5/18/22,47.14285714,34.57142857,50.42857143,43.14285714,36.85714286,28,44.57142857,46.71428571,29.33333333,27.48333333,39.85714286,45,36.71428571,34.28571429,35.57142857,35.71428571
5/25/22,46.57142857,44.57142857,49,48,38.42857143,35.14285714,52.28571429,50.14285714,35.52857143,36.57142857,46.42857143,47.28571429,43.57142857,41.14285714,40.28571429,38
6/1/22,51.71428571,45.42857143,54.71428571,51.57142857,50.14285714,34.71428571,53.42857143,55,31.61428571,31.65714286,49.85714286,51.42857143,45.85714286,51.28571429,44.42857143,45.71428571
6/8/22,47.71428571,38.28571429,50.14285714,44.57142857,48.42857143,32.57142857,46.71428571,49.28571429,36.98571429,38.15714286,43.57142857,44.71428571,42.57142857,46,39.14285714,41.28571429
6/15/22,49.85714286,48.28571429,53.85714286,55.28571429,46.33333333,45.42857143,53,51.42857143,40.71428571,42.05714286,48.28571429,52.42857143,47.57142857,54.14285714,43.57142857,41.28571429
6/22/22,53.85714286,53.85714286,55.42857143,54.85714286,55.71428571,49.28571429,58.85714286,54.57142857,42.65714286,44.28571429,52.57142857,57.66666667,51.85714286,55.28571429,46.85714286,44
6/29/22,54.57142857,57.57142857,60.28571429,60.85714286,54.28571429,55.57142857,62.57142857,59.71428571,39,42.48571429,55.14285714,,54,56.28571429,49.71428571,51.14285714
7/6/22,56.28571429,57.57142857,60,61.85714286,52.28571429,54.71428571,60.14285714,56.28571429,41.73333333,45.18333333,54.71428571,,54.71428571,55.57142857,52.14285714,51.14285714
7/13/22,52.14285714,44.57142857,51,47,50.42857143,39.28571429,51.57142857,53.42857143,44.22857143,44.51428571,46.42857143,,47.71428571,46.85714286,42.71428571,42.71428571
7/20/22,47.57142857,44.57142857,48.14285714,49,50.57142857,45.71428571,51.14285714,48.42857143,50.05714286,57.44285714,45.57142857,58,47.71428571,52,43.14285714,43.71428571
7/27/22,51.57142857,44.85714286,50.85714286,,46.57142857,41.25,51,52.28571429,48.32857143,53.34285714,45.71428571,49.28571429,47.14285714,49.14285714,43.71428571,45.85714286
8/3/22,48.71428571,42.71428571,48.71428571,,49.85714286,43,48.42857143,48.71428571,50.95714286,53.35714286,44.42857143,50.57142857,48.14285714,54,44.28571429,43.28571429
8/10/22,48.71428571,45.71428571,49.28571429,,47.85714286,39.28571429,53.14285714,49.57142857,51.34285714,55.04285714,46.28571429,49.85714286,45.85714286,51.14285714,42.85714286,40.57142857
8/17/22,50.14285714,47.28571429,50.14285714,,47.42857143,36.85714286,52.42857143,50,53.78571429,56.35714286,47.42857143,52.42857143,47.42857143,53.42857143,45.28571429,45.14285714
8/24/22,49.57142857,43.85714286,49.28571429,,44.71428571,43.57142857,50.14285714,49.42857143,50.98571429,55.87142857,45.14285714,45,44,49.71428571,42.85714286,40.85714286
8/31/22,48.14285714,40.14285714,46.14285714,,43.57142857,42.28571429,46.71428571,46.14285714,48.62857143,54.62857143,42.14285714,48.2,42.71428571,41.85714286,41.71428571,42
9/7/22,47.71428571,38.28571429,46.14285714,,44,38.42857143,45.57142857,45.57142857,45.31428571,50.84285714,40.28571429,44.71428571,39.14285714,43,37,36.85714286
9/14/22,46.42857143,37.28571429,43.71428571,,43.85714286,38.57142857,43.42857143,45.42857143,46.14285714,45.22857143,39.42857143,45.57142857,41.42857143,39.57142857,37.57142857,38.71428571
9/21/22,35.28571429,28.57142857,39.14285714,33.75,36.57142857,26.42857143,36.14285714,38.71428571,58.65714286,53.68571429,32.14285714,32.85714286,32,32.42857143,31.71428571,31.28571429
9/28/22,42.14285714,32.14285714,39,31,36.85714286,22.16666667,39.71428571,39,43.07142857,42.62857143,34.71428571,36.85714286,31.57142857,32.71428571,32,33.85714286
10/5/22,34.85714286,31.28571429,35,30,37.57142857,28.14285714,39.14285714,35.85714286,35.47142857,38.11428571,35.57142857,36.14285714,36,34,34.83333333,33.42857143
10/12/22,30.71428571,18.42857143,28,20,22.71428571,17,27.28571429,24.42857143,37.97142857,42.42857143,22.71428571,23.14285714,20.71428571,16.85714286,22.85714286,25.14285714
10/19/22,31.85714286,19.71428571,30.57142857,23.42857143,22,21.14285714,28,29.71428571,37.32857143,41.3,24.28571429,29,24.71428571,25.85714286,23.85714286,24.85714286
10/26/22,17.71428571,0.428571429,13.28571429,11.28571429,6,7.285714286,9,11.42857143,34.08571429,34.51428571,3.571428571,4,-2.857142857,9.571428571,1.285714286,0.142857143
11/2/22,16.85714286,4.428571429,11.57142857,4.428571429,4.714285714,7.857142857,12,7.428571429,26.78571429,28.41428571,9.285714286,7.571428571,4.571428571,4.142857143,7.857142857,7.714285714
11/9/22,19.57142857,20.85714286,17.14285714,17,19.85714286,12.14285714,28.28571429,18.42857143,17.22857143,17,24.85714286,22,26.28571429,12.28571429,25.28571429,25.14285714
11/16/22,25.28571429,26.71428571,19.71428571,23,2.857142857,24.71428571,29.42857143,7.714285714,21.07142857,24.74285714,28.57142857,11,12.42857143,-2.571428571,20.57142857,23.14285714
11/23/22,11.85714286,4.714285714,8.142857143,6.857142857,10.71428571,-1.714285714,9.571428571,8,27.1,23.45714286,8.285714286,7.428571429,2.285714286,8.428571429,6.571428571,3.285714286
11/30/22,23,13.42857143,17.71428571,13.71428571,-5,22.28571429,18.42857143,5.714285714,6.642857143,12.38571429,17.57142857,10.57142857,-1.666666667,-3.571428571,16.57142857,14.85714286
12/7/22,22.85714286,6.285714286,16.42857143,6.142857143,5.571428571,10.28571429,12.14285714,11.14285714,-9.542857143,0.285714286,9.285714286,11.85714286,,3.571428571,9,10.57142857
12/14/22,-14.71428571,-3.571428571,-19.42857143,-1.857142857,-20,0.142857143,2.571428571,-22.85714286,-10.35714286,-6.914285714,-1.571428571,-18.42857143,,-19.57142857,1.142857143,0.571428571
12/21/22,-1.714285714,-20.14285714,-16.14285714,-3,-21.57142857,-4.285714286,-7.571428571,-22.57142857,-15.14285714,-6.242857143,-13.28571429,-12.71428571,,-36.85714286,-14,-5.571428571
12/28/22,0.142857143,15.14285714,-1,9.428571429,2.857142857,3.714285714,22,-10.42857143,-2.214285714,0.157142857,19,-7,,-8.714285714,16.71428571,16.42857143
1/4/23,4.714285714,8.428571429,1.285714286,11.71428571,-8.571428571,8.571428571,16.85714286,-6.285714286,4.9,5.8,11.85714286,-1.857142857,,-7,9.714285714,7.857142857
1/11/23,13.14285714,3.571428571,7.714285714,5.428571429,-11.14285714,-6,12.14285714,2.285714286,2.557142857,10.81428571,11.42857143,-5,,-11.14285714,7,3.428571429
1/18/23,-7.142857143,1,-13,-0.571428571,4.714285714,-6.571428571,8.285714286,-12,-5.757142857,3.857142857,3.428571429,-12.71428571,-1.5,-3.142857143,,3.714285714
1/25/23,16.71428571,9.285714286,8.857142857,5.428571429,18.57142857,0.428571429,18.71428571,12.14285714,4.471428571,15.07142857,17.57142857,6.428571429,6,6,,14.42857143
2/1/23,10.85714286,-2.285714286,-0.142857143,1,14.42857143,-4.857142857,9.714285714,2.571428571,6.728571429,9.285714286,7.714285714,-0.285714286,-1,1.285714286,,9
2/8/23,-8.285714286,-2.714285714,-10.14285714,-2.571428571,6.142857143,-6.285714286,5.142857143,-9.285714286,-21.27142857,-15.52857143,1.714285714,-6,-2.857142857,-1.428571429,,2.285714286
2/15/23,11,3,0.571428571,0,0.142857143,-4,9.714285714,-2.571428571,-2.414285714,4.971428571,7.428571429,-1.857142857,0.428571429,-4.571428571,,3.571428571
2/22/23,20.85714286,0.428571429,9.571428571,0.857142857,0.428571429,2,7.857142857,11.42857143,6.842857143,11.96666667,3.142857143,5.857142857,-0.142857143,-4.142857143,,2.714285714
3/1/23,17.14285714,3.428571429,3.857142857,-0.857142857,0.142857143,5.714285714,8,0.142857143,23.5,8.442857143,5.714285714,0,2.571428571,-2.142857143,,1.571428571
3/8/23,12.14285714,7.142857143,5,7.428571429,12.57142857,1.857142857,15,8,-3.85,7.942857143,9.857142857,3.714285714,6.571428571,7.428571429,,9.857142857
3/15/23,11.57142857,5.428571429,6.857142857,8.714285714,11.85714286,3.142857143,14.28571429,8,-1.68,14.75714286,10,5.285714286,1.714285714,3.571428571,,6.428571429
3/22/23,20.71428571,13.28571429,22.85714286,15.14285714,9.571428571,14,22.33333333,24.42857143,-16.2,-9.371428571,16.66666667,22,16.85714286,11.71428571,,15.71428571
3/29/23,24.14285714,7.857142857,21.14285714,11.28571429,13.71428571,8,17.57142857,21.28571429,,-9.571428571,13.14285714,17.85714286,14,16.57142857,,12.28571429
4/5/23,-3.285714286,3.714285714,-5.857142857,-2.714285714,10.85714286,-14.5,9,-4.142857143,-12.775,-2.071428571,3.142857143,5.285714286,7.428571429,8.714285714,,3.571428571
4/12/23,9,7,4.142857143,9,25.71428571,,16,9,5.5,15.48571429,13.14285714,16,12.85714286,21.71428571,,14
4/19/23,22,8.571428571,24.57142857,16.71428571,25.28571429,,19.14285714,23.85714286,9.128571429,19.77142857,14.57142857,19.57142857,14.42857143,20.42857143,,13.57142857
4/26/23,33.71428571,23.71428571,33.14285714,26.85714286,33.28571429,,34.14285714,31.85714286,15.67142857,22.08571429,29.28571429,31.71428571,29.42857143,34.57142857,34.66666667,27.57142857
5/3/23,33.14285714,29.28571429,35.42857143,32.85714286,29,,37.28571429,35.71428571,1.828571429,18.18571429,33.14285714,33.71428571,32.85714286,29.28571429,31.57142857,33.71428571
5/10/23,39.71428571,37.42857143,42.28571429,40.71428571,36.42857143,,45.28571429,40.28571429,10.38571429,11.25714286,39.71428571,41,36.85714286,36.42857143,35.28571429,35.71428571
5/17/23,43.14285714,41,46.57142857,46,38.71428571,,47.71428571,46.85714286,19.14285714,26.84285714,43.14285714,51,43.28571429,41.28571429,41.14285714,37.71428571
5/24/23,43.28571429,40.71428571,49.28571429,46.57142857,39.57142857,,48.42857143,47.71428571,18.57142857,28.08571429,44,49.28571429,43.57142857,41.85714286,41.14285714,41.71428571
5/31/23,43,36.28571429,42.85714286,37.85714286,41.28571429,,42.71428571,45.42857143,29.91428571,31.92857143,39.85714286,45.28571429,41.14285714,41.42857143,42.71428571,36.57142857
6/7/23,49.42857143,46.42857143,51.42857143,51.28571429,46,,52.71428571,51.71428571,39.67142857,38.54285714,46.85714286,52.85714286,48.28571429,48,45,44.28571429
6/14/23,49.57142857,42.71428571,51,48.42857143,44.28571429,,49.42857143,50,37.08571429,38.1,45.14285714,49.85714286,47.85714286,48.28571429,46,43.28571429
6/21/23,54.42857143,49.42857143,55.42857143,55.71428571,54.42857143,,54.28571429,55.42857143,34.57142857,39.42857143,49.85714286,57.85714286,53.28571429,54.14285714,51.42857143,49
6/28/23,51.85714286,50.14285714,54.14285714,56.28571429,51.71428571,,56.57142857,51.42857143,41.08571429,43.3,50.85714286,53.14285714,53.28571429,52.57142857,48.28571429,48.14285714
7/5/23,50.42857143,50.42857143,52.14285714,51.57142857,54.28571429,,56.14285714,51.14285714,50.45714286,50.57142857,50.14285714,54.85714286,51.28571429,59.85714286,58.71428571,44.14285714
7/12/23,50.71428571,50.71428571,52.85714286,52.28571429,52.28571429,46,54.85714286,54,47.07142857,51.42857143,49.71428571,56.71428571,52.42857143,57.71428571,52.71428571,48.85714286
7/19/23,54.85714286,58.14285714,60.28571429,64.42857143,54.71428571,57.28571429,63,58.42857143,48.18571429,52.15714286,56.71428571,59.28571429,56,57.28571429,59.85714286,52.14285714
7/26/23,55.42857143,57.85714286,55.14285714,60.28571429,60.71428571,56.42857143,62.14285714,57.42857143,52.08571429,49.6,55.42857143,60.28571429,57,60.42857143,55.28571429,51.85714286
8/2/23,55.85714286,57.57142857,58.42857143,59.57142857,53.57142857,52.71428571,61.42857143,57.28571429,49.87142857,50.62857143,54.14285714,53.57142857,53.42857143,56.57142857,59.14285714,47.57142857
8/9/23,49.57142857,50.42857143,57,58,48.57142857,43.71428571,54.71428571,54.42857143,49.25714286,48.17142857,49.42857143,53.85714286,48.71428571,52.14285714,52.14285714,49.42857143
8/16/23,51.57142857,42.57142857,51.71428571,46.85714286,45.42857143,42.42857143,47.85714286,52.28571429,54.82857143,58.05714286,44.85714286,52.42857143,48,50,53.57142857,45
8/23/23,50.42857143,45.57142857,50.42857143,47.14285714,55.57142857,37.42857143,51.57142857,51.85714286,52.38571429,52.87142857,48.28571429,53.85714286,50,56.71428571,49,47.42857143
8/30/23,47.42857143,39.42857143,47,41.28571429,43,39.28571429,46.14285714,47.85714286,50.18571429,52.77142857,42,48.42857143,43,46.28571429,,41.28571429
9/6/23,40.71428571,39.57142857,42.42857143,41.57142857,40.85714286,37,43.71428571,41.57142857,49.61428571,49.24285714,39.57142857,43.57142857,42.14285714,45,,42.14285714
9/13/23,39,35.57142857,40.71428571,38.42857143,38.57142857,34,42.28571429,39.57142857,43.85714286,48.74285714,36.42857143,40.85714286,35,35.71428571,,37.28571429
9/20/23,35,25,35.71428571,31.14285714,30,23.85714286,33.85714286,34.71428571,41.3,43.95714286,29.28571429,32.28571429,29.5,31.57142857,32.33333333,30.42857143
9/27/23,37.85714286,24.42857143,34.14285714,28.28571429,33.85714286,22.71428571,31.28571429,32.42857143,44.14285714,43.2,27.42857143,31.28571429,28.28571429,29.14285714,,26.42857143
10/4/23,33.42857143,15,24.85714286,19.42857143,27.71428571,8.857142857,25,29.28571429,37.41428571,39.3,21.42857143,26,23.42857143,27.42857143,,24
10/11/23,28,24.71428571,27,25.28571429,28.57142857,18.57142857,30.28571429,26.14285714,43.51428571,39.85714286,27.85714286,24.85714286,26.71428571,28,,27.28571429
10/18/23,19.57142857,11.85714286,24.42857143,16,8.142857143,15.14285714,20.14285714,17.71428571,39.74285714,46.65714286,17.28571429,26.71428571,21,14.85714286,,17.14285714
10/25/23,37.71428571,27.42857143,30,27.71428571,10.28571429,27.28571429,34,23.14285714,33.55714286,36.61428571,30,15.71428571,21,7.714285714,,23.28571429
11/1/23,25.14285714,10.28571429,19.71428571,14.57142857,21,11.42857143,18.57142857,21.57142857,33.55714286,36.94285714,15.85714286,16.28571429,17.71428571,17.85714286,,16.42857143
11/8/23,21.57142857,14.28571429,18,17.28571429,17.57142857,11.85714286,20,12.14285714,33.11428571,30.78571429,20.14285714,19.42857143,14.71428571,12.57142857,,21.14285714
11/15/23,22.57142857,4.571428571,15.42857143,9.428571429,1.142857143,7.857142857,13.28571429,13.42857143,23.08571429,23.75714286,9.571428571,15.28571429,9.285714286,-0.857142857,,9.428571429
11/22/23,31.85714286,23,20.42857143,21.57142857,21,22.28571429,30.14285714,16,23.52857143,24.12857143,27.14285714,17.57142857,21.42857143,2.714285714,,24.71428571
11/29/23,14,11.71428571,9.571428571,14.57142857,-1.428571429,13.71428571,21,5.714285714,27.9,23.14285714,15.57142857,4.571428571,7.285714286,-2.428571429,,11.14285714
12/6/23,5.142857143,-3,-2,1.571428571,4.857142857,-8,7.714285714,-2.571428571,14.48571429,19.22857143,6.428571429,-3.142857143,-0.428571429,-6.285714286,,5.714285714
12/13/23,5.285714286,-2.285714286,1.857142857,0.142857143,4.571428571,-8.571428571,7.857142857,-0.714285714,-3.271428571,1.657142857,5.285714286,-4,0.714285714,-10.71428571,,5.857142857
12/20/23,-6,8.285714286,-8.714285714,5.571428571,6.428571429,6.714285714,12.28571429,-5.428571429,5.4,8.514285714,8.714285714,0.428571429,8.285714286,-8.428571429,,10.71428571
12/27/23,-4.857142857,2.571428571,-7.285714286,8.285714286,-20.14285714,-1,10.57142857,-14.85714286,,16.71428571,8.285714286,-21,-6.714285714,-25.28571429,,7.428571429
1/3/24,22.14285714,-5.714285714,10,2,-4.142857143,7.714285714,8.571428571,2,,25.01428571,6.285714286,-2.428571429,-4.571428571,-12.28571429,,6.857142857
1/10/24,30.14285714,-1,12.28571429,2,-6.714285714,13.71428571,7.714285714,12.14285714,,3.785714286,8.142857143,-3.571428571,-1.714285714,-10.28571429,,4
1/17/24,-1.571428571,-4,-10.42857143,-2.571428571,-10.57142857,-2.142857143,2.285714286,-14.42857143,,15.12857143,-1.142857143,-15.28571429,-9.142857143,-17.28571429,,-4.857142857
1/24/24,-26.57142857,-21.42857143,-33,-22.71428571,-13.28571429,-24.85714286,-19.14285714,-36.42857143,,10.78571429,-22.14285714,-33.4,-30.75,-22.71428571,,-26.85714286
1/31/24,-7.285714286,-16.14285714,-28.42857143,-17.42857143,-20.71428571,-11.42857143,-13.57142857,-25.28571429,,20.57142857,-14.28571429,-23,,-29.85714286,,-19.28571429
2/7/24,29,17.14285714,19.71428571,17.71428571,9.142857143,16.14285714,26,12,,-5.828571429,20,10,17,-7.428571429,,17.85714286
2/14/24,27.85714286,27.14285714,20.85714286,22.57142857,9.857142857,8,36.57142857,23.14285714,,9.3,32.71428571,26.42857143,25,1.428571429,,28.57142857
2/21/24,17,8.714285714,17.14285714,9.428571429,14,4.285714286,18.42857143,21.57142857,,18.48571429,14.14285714,8.428571429,16.14285714,9.857142857,,11.71428571
2/28/24,2.857142857,-10,-5.571428571,-6.714285714,-5.428571429,-7.428571429,-3.142857143,-4.571428571,,23,-7.857142857,-10.71428571,-14.42857143,-12.14285714,,-14
3/6/24,6.285714286,-9.857142857,0.142857143,-4.285714286,4.714285714,-19.14285714,3.714285714,8,,0.414285714,1,-0.428571429,-1.714285714,0,,-2.285714286
3/13/24,3.714285714,-2,-1,-1.571428571,16.42857143,-16.85714286,5.285714286,-1.714285714,,8.7,4.857142857,-1,0.857142857,10.57142857,,0.285714286
3/20/24,34.28571429,28.42857143,33,28.28571429,17.42857143,18.71428571,36.57142857,32.71428571,,-3.471428571,30.71428571,24.28571429,27.14285714,25.14285714,,26.85714286
3/27/24,16.57142857,21,21.57142857,18.57142857,25.71428571,11.14285714,29.71428571,26.85714286,,4.842857143,25.57142857,27.85714286,28.57142857,25.71428571,,27.28571429
4/3/24,23.28571429,13.28571429,20.14285714,16.14285714,19.28571429,3.857142857,21.42857143,22.85714286,,18.65714286,18.28571429,23,20.57142857,20.71428571,,18.57142857
4/10/24,23.71428571,19.57142857,25.42857143,19.57142857,23.28571429,12.14285714,28.42857143,28.28571429,,-1.9,23.57142857,26.14285714,26.14285714,22.85714286,,22.42857143
4/17/24,37.14285714,34.71428571,37.42857143,38.14285714,28.42857143,25.42857143,43.28571429,36.28571429,,9.271428571,37.28571429,34.42857143,32.85714286,32.42857143,,35.14285714
4/24/24,37,26.28571429,38.57142857,33.14285714,28.57142857,21.28571429,36.71428571,35.85714286,,17.02857143,32.71428571,33.71428571,30.42857143,29.85714286,,33.57142857
5/1/24,36,23,35.42857143,24.71428571,32.85714286,0.571428571,34.14285714,41.57142857,,22.15714286,31.28571429,33.57142857,31.85714286,37.28571429,,31.42857143
5/8/24,33.28571429,31.57142857,37.14285714,36.28571429,32.85714286,21.85714286,38.71428571,37.14285714,,23.65714286,34.42857143,40.85714286,34.83333333,35.28571429,,35.28571429
5/15/24,38,38.71428571,44.42857143,43.71428571,36.14285714,36,45.57142857,44.85714286,,23.5,40.42857143,44.71428571,38,36.42857143,,37.57142857
5/22/24,41.57142857,36.42857143,42.42857143,43.28571429,39.14285714,26.28571429,43.85714286,42,,28.2,40.42857143,46.42857143,42.71428571,45.57142857,,40.57142857
5/29/24,48.42857143,44,50.42857143,50.57142857,40.42857143,30,50.57142857,50,,27.32857143,44.71428571,48.28571429,43.71428571,41.14285714,,42.42857143
6/5/24,49.57142857,48.85714286,54.42857143,54.28571429,47.85714286,36.42857143,53.57142857,50.28571429,,23.01428571,49.85714286,54.42857143,48,50,,48.28571429
6/12/24,49.57142857,50.85714286,55.71428571,56.28571429,50,46.28571429,55.42857143,53.42857143,34.33333333,32.04285714,50.28571429,54,50.71428571,52.28571429,,45
6/19/24,55.57142857,50.71428571,57.28571429,56.57142857,54.14285714,45.85714286,56,54.85714286,32.67142857,42.62857143,50.57142857,54.85714286,50.71428571,51.28571429,,46.42857143
6/26/24,54.28571429,55.85714286,58.85714286,63.14285714,52.42857143,54.14285714,59.28571429,56.57142857,32.48571429,36.37142857,54,60.71428571,53,59.85714286,,50.14285714
7/3/24,52.42857143,43,52,46.42857143,52.71428571,39.42857143,48.42857143,53.57142857,40.42857143,39.65714286,45.71428571,55.57142857,50.28571429,54.28571429,,46.71428571
7/10/24,48.71428571,48,50.57142857,52.28571429,51.28571429,49.85714286,53.85714286,50.85714286,44.15,45.95714286,48.14285714,55,50.28571429,53.57142857,,45.71428571
7/17/24,50.85714286,50.28571429,54.71428571,54.42857143,51.57142857,49,56.57142857,52.14285714,43.45714286,44.47142857,48.28571429,49.57142857,48.85714286,52.71428571,,41.28571429
7/24/24,53.71428571,50,55.71428571,53.57142857,51.57142857,44.85714286,55,55.42857143,46.71428571,51.02857143,50.71428571,56.57142857,52.85714286,53.57142857,,49.57142857
7/31/24,53.85714286,45.57142857,52.42857143,50.14285714,49.71428571,43.57142857,52.42857143,52.14285714,46.01666667,49.3,47,53,48,52.71428571,,43.85714286
8/7/24,48.57142857,46.28571429,49.71428571,48.71428571,53.57142857,46.57142857,51.85714286,49.57142857,48.85714286,49.5,47.85714286,52.71428571,53.71428571,53.57142857,,47.42857143
8/14/24,48.8,43.71428571,50.14285714,44.85714286,49.14285714,43.71428571,48.85714286,49.71428571,53.72857143,51.64285714,45.14285714,51.14285714,50,52.42857143,,43.42857143
8/21/24,45.71428571,36.85714286,45.57142857,42.14285714,41.85714286,35.71428571,43.71428571,45.85714286,54.27142857,54.34285714,39,45.71428571,41.42857143,42.42857143,,39
8/28/24,43.42857143,38.85714286,45.28571429,43.14285714,39.14285714,34,45,46,46.6,49.6,40.33333333,42.28571429,40.83333333,42.42857143,,37
9/4/24,48,40.42857143,47.14285714,46,41.71428571,39.28571429,48.71428571,48,50.41428571,56.7,42.71428571,47.28571429,45.14285714,41.14285714,,40.71428571
9/11/24,46,36.28571429,45.14285714,41.57142857,42,37.57142857,42.28571429,44.14285714,51.95714286,54.82857143,38.14285714,44.85714286,41.8,40.28571429,,40.42857143
9/18/24,37.42857143,31.28571429,38.42857143,34.85714286,35.42857143,28,37,38.28571429,35.25714286,40.45714286,33.42857143,41.57142857,37.14285714,34.57142857,32,35.71428571
9/25/24,36.57142857,29.42857143,35.85714286,34.28571429,29.28571429,26.28571429,36.14285714,34.42857143,41.2,38.4,31.28571429,35.28571429,32.42857143,28.71428571,29.71428571,32.14285714
10/2/24,38.57142857,28.85714286,34.57142857,32.71428571,28.28571429,25.57142857,36,33.57142857,46.64285714,52.3,30,30.57142857,30.14285714,27.85714286,26.14285714,28.42857143
10/9/24,30.85714286,24.28571429,28.57142857,25.71428571,27.28571429,13.85714286,29.57142857,31,41.51428571,53.85714286,27.14285714,31.71428571,31.14285714,25,28,28
10/16/24,32.57142857,12.14285714,26.28571429,16.85714286,19.71428571,16.85714286,18,28.42857143,37.12857143,45.27142857,15.57142857,25.85714286,18.71428571,16.42857143,15,15.71428571
10/23/24,23.85714286,12.42857143,17.57142857,11.71428571,8.571428571,8.142857143,16.14285714,19.71428571,35.44285714,38.72857143,12.57142857,16.57142857,12.71428571,10,12.28571429,14
10/30/24,23,6.857142857,17.85714286,12.71428571,16.28571429,4.142857143,14.85714286,18.57142857,32.21428571,30.31428571,11.85714286,9.428571429,9.285714286,16.28571429,13.28571429,12.14285714
11/6/24,21.71428571,8.428571429,14.85714286,14,11.28571429,7,18.28571429,9,33.71428571,30.22857143,13.71428571,6.857142857,9.142857143,4.857142857,14.28571429,13.28571429
11/13/24,9,-6.142857143,3.142857143,0.285714286,4.857142857,-10.28571429,1.142857143,0.714285714,23.38571429,24.42857143,-3.285714286,-4.142857143,-7.285714286,-1.428571429,-3.857142857,-4.428571429
11/20/24,19.85714286,7.142857143,15.85714286,7.428571429,-7.142857143,5.857142857,11.85714286,15.85714286,22.95714286,22.48571429,12.42857143,12.28571429,11.57142857,-0.428571429,10.57142857,11.85714286
11/27/24,-6.25,-9.5,-16,-5.5,-12.75,-2.75,-4.75,-22,21.4,21.3,-9,-25.5,-18.75,-22.25,-10,-9.75